sequenceID,llda
H3K36me3_TDH_immune/samples/monocyte/McGill0001/problems/chr10:18024675-38818835,11.996109962463379
H3K36me3_TDH_immune/samples/monocyte/McGill0002/problems/chr11:96437584-134946516,12.002581596374512
H3K36me3_TDH_immune/samples/monocyte/McGill0079/problems/chr10:51448845-125869472,11.998779296875
H3K36me3_TDH_immune/samples/monocyte/McGill0079/problems/chr12:7239876-34856694,12.001782417297363
H3K36me3_TDH_immune/samples/monocyte/McGill0101/problems/chr10:18024675-38818835,11.998607635498047
H3K36me3_TDH_immune/samples/monocyte/McGill0101/problems/chr11:96437584-134946516,12.002169609069824
H3K36me3_TDH_immune/samples/monocyte/McGill0104/problems/chr10:18024675-38818835,11.992880821228027
H3K36me3_TDH_immune/samples/tcell/McGill0008/problems/chr10:18024675-38818835,11.996362686157227
H3K36me3_TDH_immune/samples/tcell/McGill0008/problems/chr10:51448845-125869472,12.003334999084473
H3K36me3_TDH_immune/samples/tcell/McGill0026/problems/chr10:18024675-38818835,11.9982271194458
H3K36me3_TDH_immune/samples/tcell/McGill0026/problems/chr10:51448845-125869472,12.00369930267334
H3K36me3_TDH_immune/samples/tcell/McGill0026/problems/chr12:7239876-34856694,12.00143051147461
H3K36me3_TDH_immune/samples/tcell/McGill0029/problems/chr10:18024675-38818835,11.996484756469727
H3K36me3_TDH_immune/samples/tcell/McGill0029/problems/chr10:51448845-125869472,12.003594398498535
H3K36me3_TDH_immune/samples/tcell/McGill0102/problems/chr10:18024675-38818835,11.995009422302246
H3K36me3_TDH_immune/samples/tcell/McGill0102/problems/chr10:51448845-125869472,12.003252983093262
H3K36me3_TDH_immune/samples/tcell/McGill0102/problems/chr12:7239876-34856694,12.00322437286377
