sequenceID,llda
H3K36me3_TDH_immune/samples/monocyte/McGill0001/problems/chr10:18024675-38818835,11.988487243652344
H3K36me3_TDH_immune/samples/monocyte/McGill0002/problems/chr11:96437584-134946516,11.99454116821289
H3K36me3_TDH_immune/samples/monocyte/McGill0079/problems/chr10:51448845-125869472,11.991044998168945
H3K36me3_TDH_immune/samples/monocyte/McGill0079/problems/chr12:7239876-34856694,11.993817329406738
H3K36me3_TDH_immune/samples/monocyte/McGill0101/problems/chr10:18024675-38818835,11.990814208984375
H3K36me3_TDH_immune/samples/monocyte/McGill0101/problems/chr11:96437584-134946516,11.994159698486328
H3K36me3_TDH_immune/samples/monocyte/McGill0104/problems/chr10:18024675-38818835,11.985469818115234
H3K36me3_TDH_immune/samples/tcell/McGill0008/problems/chr10:18024675-38818835,11.988733291625977
H3K36me3_TDH_immune/samples/tcell/McGill0008/problems/chr10:51448845-125869472,11.99518871307373
H3K36me3_TDH_immune/samples/tcell/McGill0026/problems/chr10:18024675-38818835,11.990442276000977
H3K36me3_TDH_immune/samples/tcell/McGill0026/problems/chr10:51448845-125869472,11.995503425598145
H3K36me3_TDH_immune/samples/tcell/McGill0026/problems/chr12:7239876-34856694,11.993444442749023
H3K36me3_TDH_immune/samples/tcell/McGill0029/problems/chr10:18024675-38818835,11.98881721496582
H3K36me3_TDH_immune/samples/tcell/McGill0029/problems/chr10:51448845-125869472,11.995467185974121
H3K36me3_TDH_immune/samples/tcell/McGill0102/problems/chr10:18024675-38818835,11.987466812133789
H3K36me3_TDH_immune/samples/tcell/McGill0102/problems/chr10:51448845-125869472,11.995126724243164
H3K36me3_TDH_immune/samples/tcell/McGill0102/problems/chr12:7239876-34856694,11.995136260986328
