sequenceID,llda
H3K27me3_TDH_some/samples/brain/CEMT0022.gDNA/problems/chr14:19050000-107289540,10.936388969421387
H3K27me3_TDH_some/samples/brain/CEMT0022.gDNA/problems/chr4:75452279-190000000,10.93843936920166
H3K27me3_TDH_some/samples/brain/CEMT0023.gDNA/problems/chr10:18024675-38818835,10.933823585510254
H3K27me3_TDH_some/samples/brain/CEMT0023.gDNA/problems/chr4:75452279-190000000,10.93211841583252
H3K27me3_TDH_some/samples/brain/CEMT0023.gDNA/problems/chr5:49600000-91636128,10.911011695861816
H3K27me3_TDH_some/samples/hematopoietic/CEMT0031.gDNA/problems/chr10:18024675-38818835,10.924765586853027
H3K27me3_TDH_some/samples/hematopoietic/CEMT0031.gDNA/problems/chr3:60000-66170270,10.938167572021484
H3K27me3_TDH_some/samples/hematopoietic/CEMT0031.gDNA/problems/chr3:93504854-194041961,10.938416481018066
H3K27me3_TDH_some/samples/hematopoietic/CEMT0031.gDNA/problems/chr5:49600000-91636128,10.938030242919922
H3K27me3_TDH_some/samples/hematopoietic/CEMT0032.gDNA/problems/chr10:18024675-38818835,10.937490463256836
H3K27me3_TDH_some/samples/ips/MS032901/problems/chr3:60000-66170270,10.935372352600098
H3K27me3_TDH_some/samples/ips/MS032901/problems/chr3:93504854-194041961,10.936415672302246
H3K27me3_TDH_some/samples/ips/MS033001/problems/chr3:60000-66170270,10.933388710021973
H3K27me3_TDH_some/samples/ips/MS033001/problems/chr3:93504854-194041961,10.93761920928955
H3K27me3_TDH_some/samples/ips/MS033001/problems/chr5:49600000-91636128,10.931353569030762
H3K27me3_TDH_some/samples/ips/MS033101/problems/chr3:60000-66170270,10.935135841369629
