sequenceID,llda
H3K27me3_TDH_some/samples/brain/CEMT0022.gDNA/problems/chr14:19050000-107289540,11.584183692932129
H3K27me3_TDH_some/samples/brain/CEMT0022.gDNA/problems/chr4:75452279-190000000,11.477816581726074
H3K27me3_TDH_some/samples/brain/CEMT0023.gDNA/problems/chr10:18024675-38818835,10.78260326385498
H3K27me3_TDH_some/samples/brain/CEMT0023.gDNA/problems/chr4:75452279-190000000,10.659765243530273
H3K27me3_TDH_some/samples/brain/CEMT0023.gDNA/problems/chr5:49600000-91636128,10.130720138549805
H3K27me3_TDH_some/samples/hematopoietic/CEMT0031.gDNA/problems/chr10:18024675-38818835,11.63632869720459
H3K27me3_TDH_some/samples/hematopoietic/CEMT0031.gDNA/problems/chr3:60000-66170270,11.51131820678711
H3K27me3_TDH_some/samples/hematopoietic/CEMT0031.gDNA/problems/chr3:93504854-194041961,11.416411399841309
H3K27me3_TDH_some/samples/hematopoietic/CEMT0031.gDNA/problems/chr5:49600000-91636128,11.390602111816406
H3K27me3_TDH_some/samples/hematopoietic/CEMT0032.gDNA/problems/chr10:18024675-38818835,11.377978324890137
H3K27me3_TDH_some/samples/ips/MS032901/problems/chr3:60000-66170270,10.651116371154785
H3K27me3_TDH_some/samples/ips/MS032901/problems/chr3:93504854-194041961,11.406834602355957
H3K27me3_TDH_some/samples/ips/MS033001/problems/chr3:60000-66170270,10.651116371154785
H3K27me3_TDH_some/samples/ips/MS033001/problems/chr3:93504854-194041961,11.20295238494873
H3K27me3_TDH_some/samples/ips/MS033001/problems/chr5:49600000-91636128,10.172011375427246
H3K27me3_TDH_some/samples/ips/MS033101/problems/chr3:60000-66170270,10.64671802520752
