sequenceID,llda
H3K36me3_TDH_other/samples/kidney/McGill0023/problems/chr14:19050000-107289540,11.087312698364258
H3K36me3_TDH_other/samples/kidney/McGill0023/problems/chr15:29209443-77800000,11.06057071685791
H3K36me3_TDH_other/samples/kidneyCancer/McGill0022/problems/chr14:19050000-107289540,11.095422744750977
H3K36me3_TDH_other/samples/kidneyCancer/McGill0022/problems/chr16:60000-8636921,11.094974517822266
H3K36me3_TDH_other/samples/kidneyCancer/McGill0022/problems/chr21:43005559-44632664,11.090807914733887
H3K36me3_TDH_other/samples/skeletalMuscleCtrl/McGill0036/problems/chr16:60000-8636921,11.094961166381836
H3K36me3_TDH_other/samples/skeletalMuscleCtrl/McGill0036/problems/chr21:43005559-44632664,11.094646453857422
H3K36me3_TDH_other/samples/skeletalMuscleCtrl/McGill0037/problems/chr15:29209443-77800000,11.049356460571289
H3K36me3_TDH_other/samples/skeletalMuscleCtrl/McGill0037/problems/chr16:60000-8636921,11.094902992248535
H3K36me3_TDH_other/samples/skeletalMuscleCtrl/McGill0037/problems/chr16:8686921-32000000,11.095184326171875
H3K36me3_TDH_other/samples/skeletalMuscleMD/McGill0012/problems/chr14:19050000-107289540,11.09585189819336
H3K36me3_TDH_other/samples/skeletalMuscleMD/McGill0012/problems/chr15:29209443-77800000,11.081730842590332
H3K36me3_TDH_other/samples/skeletalMuscleMD/McGill0012/problems/chr16:60000-8636921,11.096065521240234
H3K36me3_TDH_other/samples/skeletalMuscleMD/McGill0012/problems/chr16:8686921-32000000,11.095776557922363
H3K36me3_TDH_other/samples/skeletalMuscleMD/McGill0013/problems/chr16:8686921-32000000,11.092622756958008
H3K36me3_TDH_other/samples/skeletalMuscleMD/McGill0013/problems/chr21:43005559-44632664,11.090075492858887
H3K36me3_TDH_other/samples/skeletalMuscleMD/McGill0016/problems/chr14:19050000-107289540,11.092475891113281
H3K36me3_TDH_other/samples/skeletalMuscleMD/McGill0016/problems/chr15:29209443-77800000,11.03343677520752
H3K36me3_TDH_other/samples/skeletalMuscleMD/McGill0016/problems/chr16:8686921-32000000,11.094399452209473
H3K36me3_TDH_other/samples/skeletalMuscleMD/McGill0016/problems/chr21:43005559-44632664,11.090995788574219
