sequenceID,llda
H3K27me3_TDH_some/samples/brain/CEMT0022.gDNA/problems/chr14:19050000-107289540,11.883784294128418
H3K27me3_TDH_some/samples/brain/CEMT0022.gDNA/problems/chr4:75452279-190000000,12.250861167907715
H3K27me3_TDH_some/samples/brain/CEMT0023.gDNA/problems/chr10:18024675-38818835,10.12723445892334
H3K27me3_TDH_some/samples/brain/CEMT0023.gDNA/problems/chr4:75452279-190000000,10.680432319641113
H3K27me3_TDH_some/samples/brain/CEMT0023.gDNA/problems/chr5:49600000-91636128,10.45727252960205
H3K27me3_TDH_some/samples/hematopoietic/CEMT0031.gDNA/problems/chr10:18024675-38818835,12.324288368225098
H3K27me3_TDH_some/samples/hematopoietic/CEMT0031.gDNA/problems/chr3:60000-66170270,11.590619087219238
H3K27me3_TDH_some/samples/hematopoietic/CEMT0031.gDNA/problems/chr3:93504854-194041961,11.745918273925781
H3K27me3_TDH_some/samples/hematopoietic/CEMT0031.gDNA/problems/chr5:49600000-91636128,11.611266136169434
H3K27me3_TDH_some/samples/hematopoietic/CEMT0032.gDNA/problems/chr10:18024675-38818835,12.308706283569336
H3K27me3_TDH_some/samples/ips/MS032901/problems/chr3:60000-66170270,10.457594871520996
H3K27me3_TDH_some/samples/ips/MS032901/problems/chr3:93504854-194041961,10.506539344787598
H3K27me3_TDH_some/samples/ips/MS033001/problems/chr3:60000-66170270,10.45503044128418
H3K27me3_TDH_some/samples/ips/MS033001/problems/chr3:93504854-194041961,10.430998802185059
H3K27me3_TDH_some/samples/ips/MS033001/problems/chr5:49600000-91636128,10.535059928894043
H3K27me3_TDH_some/samples/ips/MS033101/problems/chr3:60000-66170270,10.376073837280273
