sequenceID,llda
H3K27me3_TDH_some/samples/brain/CEMT0022.gDNA/problems/chr14:19050000-107289540,10.700370788574219
H3K27me3_TDH_some/samples/brain/CEMT0022.gDNA/problems/chr4:75452279-190000000,11.902870178222656
H3K27me3_TDH_some/samples/brain/CEMT0023.gDNA/problems/chr10:18024675-38818835,9.984987258911133
H3K27me3_TDH_some/samples/brain/CEMT0023.gDNA/problems/chr4:75452279-190000000,10.494067192077637
H3K27me3_TDH_some/samples/brain/CEMT0023.gDNA/problems/chr5:49600000-91636128,10.032999038696289
H3K27me3_TDH_some/samples/hematopoietic/CEMT0031.gDNA/problems/chr10:18024675-38818835,11.57245922088623
H3K27me3_TDH_some/samples/hematopoietic/CEMT0031.gDNA/problems/chr3:60000-66170270,10.729005813598633
H3K27me3_TDH_some/samples/hematopoietic/CEMT0031.gDNA/problems/chr3:93504854-194041961,11.372332572937012
H3K27me3_TDH_some/samples/hematopoietic/CEMT0031.gDNA/problems/chr5:49600000-91636128,11.26915454864502
H3K27me3_TDH_some/samples/hematopoietic/CEMT0032.gDNA/problems/chr10:18024675-38818835,12.039063453674316
H3K27me3_TDH_some/samples/ips/MS032901/problems/chr3:60000-66170270,10.269350051879883
H3K27me3_TDH_some/samples/ips/MS032901/problems/chr3:93504854-194041961,10.384571075439453
H3K27me3_TDH_some/samples/ips/MS033001/problems/chr3:60000-66170270,10.26174545288086
H3K27me3_TDH_some/samples/ips/MS033001/problems/chr3:93504854-194041961,10.311138153076172
H3K27me3_TDH_some/samples/ips/MS033001/problems/chr5:49600000-91636128,10.150673866271973
H3K27me3_TDH_some/samples/ips/MS033101/problems/chr3:60000-66170270,10.198266983032227
