sequenceID,llda
H3K36me3_TDH_immune/samples/monocyte/McGill0001/problems/chr10:18024675-38818835,12.278987884521484
H3K36me3_TDH_immune/samples/monocyte/McGill0002/problems/chr11:96437584-134946516,12.099647521972656
H3K36me3_TDH_immune/samples/monocyte/McGill0079/problems/chr10:51448845-125869472,12.2700777053833
H3K36me3_TDH_immune/samples/monocyte/McGill0079/problems/chr12:7239876-34856694,11.146708488464355
H3K36me3_TDH_immune/samples/monocyte/McGill0101/problems/chr10:18024675-38818835,11.325175285339355
H3K36me3_TDH_immune/samples/monocyte/McGill0101/problems/chr11:96437584-134946516,12.475316047668457
H3K36me3_TDH_immune/samples/monocyte/McGill0104/problems/chr10:18024675-38818835,12.591141700744629
H3K36me3_TDH_immune/samples/tcell/McGill0008/problems/chr10:18024675-38818835,11.753567695617676
H3K36me3_TDH_immune/samples/tcell/McGill0008/problems/chr10:51448845-125869472,12.106257438659668
H3K36me3_TDH_immune/samples/tcell/McGill0026/problems/chr10:18024675-38818835,11.390589714050293
H3K36me3_TDH_immune/samples/tcell/McGill0026/problems/chr10:51448845-125869472,13.37700080871582
H3K36me3_TDH_immune/samples/tcell/McGill0026/problems/chr12:7239876-34856694,12.119970321655273
H3K36me3_TDH_immune/samples/tcell/McGill0029/problems/chr10:18024675-38818835,11.826756477355957
H3K36me3_TDH_immune/samples/tcell/McGill0029/problems/chr10:51448845-125869472,12.32755184173584
H3K36me3_TDH_immune/samples/tcell/McGill0102/problems/chr10:18024675-38818835,12.606145858764648
H3K36me3_TDH_immune/samples/tcell/McGill0102/problems/chr10:51448845-125869472,12.11960506439209
H3K36me3_TDH_immune/samples/tcell/McGill0102/problems/chr12:7239876-34856694,11.098359107971191
