sequenceID,llda
H3K36me3_TDH_immune/samples/monocyte/McGill0001/problems/chr10:18024675-38818835,11.584858894348145
H3K36me3_TDH_immune/samples/monocyte/McGill0002/problems/chr11:96437584-134946516,12.925436973571777
H3K36me3_TDH_immune/samples/monocyte/McGill0079/problems/chr10:51448845-125869472,11.974674224853516
H3K36me3_TDH_immune/samples/monocyte/McGill0079/problems/chr12:7239876-34856694,10.639717102050781
H3K36me3_TDH_immune/samples/monocyte/McGill0101/problems/chr10:18024675-38818835,10.882829666137695
H3K36me3_TDH_immune/samples/monocyte/McGill0101/problems/chr11:96437584-134946516,14.085966110229492
H3K36me3_TDH_immune/samples/monocyte/McGill0104/problems/chr10:18024675-38818835,12.118453025817871
H3K36me3_TDH_immune/samples/tcell/McGill0008/problems/chr10:18024675-38818835,10.492884635925293
H3K36me3_TDH_immune/samples/tcell/McGill0008/problems/chr10:51448845-125869472,11.939666748046875
H3K36me3_TDH_immune/samples/tcell/McGill0026/problems/chr10:18024675-38818835,9.439756393432617
H3K36me3_TDH_immune/samples/tcell/McGill0026/problems/chr10:51448845-125869472,12.492368698120117
H3K36me3_TDH_immune/samples/tcell/McGill0026/problems/chr12:7239876-34856694,12.078448295593262
H3K36me3_TDH_immune/samples/tcell/McGill0029/problems/chr10:18024675-38818835,11.370844841003418
H3K36me3_TDH_immune/samples/tcell/McGill0029/problems/chr10:51448845-125869472,11.98095989227295
H3K36me3_TDH_immune/samples/tcell/McGill0102/problems/chr10:18024675-38818835,11.815729141235352
H3K36me3_TDH_immune/samples/tcell/McGill0102/problems/chr10:51448845-125869472,12.077553749084473
H3K36me3_TDH_immune/samples/tcell/McGill0102/problems/chr12:7239876-34856694,10.152591705322266
