sequenceID,llda
H3K36me3_TDH_other/samples/kidney/McGill0023/problems/chr16:60000-8636921,10.73104190826416
H3K36me3_TDH_other/samples/kidney/McGill0023/problems/chr16:8686921-32000000,10.729022026062012
H3K36me3_TDH_other/samples/kidney/McGill0023/problems/chr21:43005559-44632664,10.732909202575684
H3K36me3_TDH_other/samples/kidneyCancer/McGill0022/problems/chr15:29209443-77800000,10.72812557220459
H3K36me3_TDH_other/samples/kidneyCancer/McGill0022/problems/chr16:8686921-32000000,10.732048034667969
H3K36me3_TDH_other/samples/skeletalMuscleCtrl/McGill0019/problems/chr14:19050000-107289540,10.730965614318848
H3K36me3_TDH_other/samples/skeletalMuscleCtrl/McGill0019/problems/chr15:29209443-77800000,10.731376647949219
H3K36me3_TDH_other/samples/skeletalMuscleCtrl/McGill0019/problems/chr16:60000-8636921,10.734326362609863
H3K36me3_TDH_other/samples/skeletalMuscleCtrl/McGill0019/problems/chr16:8686921-32000000,10.732601165771484
H3K36me3_TDH_other/samples/skeletalMuscleCtrl/McGill0019/problems/chr21:43005559-44632664,10.734631538391113
H3K36me3_TDH_other/samples/skeletalMuscleCtrl/McGill0036/problems/chr14:19050000-107289540,10.733901977539062
H3K36me3_TDH_other/samples/skeletalMuscleCtrl/McGill0036/problems/chr15:29209443-77800000,10.737041473388672
H3K36me3_TDH_other/samples/skeletalMuscleCtrl/McGill0036/problems/chr16:8686921-32000000,10.734770774841309
H3K36me3_TDH_other/samples/skeletalMuscleCtrl/McGill0037/problems/chr14:19050000-107289540,10.734597206115723
H3K36me3_TDH_other/samples/skeletalMuscleCtrl/McGill0037/problems/chr21:43005559-44632664,10.732575416564941
H3K36me3_TDH_other/samples/skeletalMuscleMD/McGill0012/problems/chr21:43005559-44632664,10.733878135681152
H3K36me3_TDH_other/samples/skeletalMuscleMD/McGill0013/problems/chr14:19050000-107289540,10.734282493591309
H3K36me3_TDH_other/samples/skeletalMuscleMD/McGill0013/problems/chr15:29209443-77800000,10.719033241271973
H3K36me3_TDH_other/samples/skeletalMuscleMD/McGill0013/problems/chr16:60000-8636921,10.733588218688965
H3K36me3_TDH_other/samples/skeletalMuscleMD/McGill0016/problems/chr16:60000-8636921,10.735208511352539
