sequenceID,llda
H3K27me3_TDH_some/samples/brain/CEMT0022.gDNA/problems/chr14:19050000-107289540,12.12200927734375
H3K27me3_TDH_some/samples/brain/CEMT0022.gDNA/problems/chr4:75452279-190000000,12.046908378601074
H3K27me3_TDH_some/samples/brain/CEMT0023.gDNA/problems/chr10:18024675-38818835,10.259709358215332
H3K27me3_TDH_some/samples/brain/CEMT0023.gDNA/problems/chr4:75452279-190000000,10.664420127868652
H3K27me3_TDH_some/samples/brain/CEMT0023.gDNA/problems/chr5:49600000-91636128,10.547306060791016
H3K27me3_TDH_some/samples/hematopoietic/CEMT0031.gDNA/problems/chr10:18024675-38818835,11.853056907653809
H3K27me3_TDH_some/samples/hematopoietic/CEMT0031.gDNA/problems/chr3:60000-66170270,12.031270027160645
H3K27me3_TDH_some/samples/hematopoietic/CEMT0031.gDNA/problems/chr3:93504854-194041961,12.02324104309082
H3K27me3_TDH_some/samples/hematopoietic/CEMT0031.gDNA/problems/chr5:49600000-91636128,11.881762504577637
H3K27me3_TDH_some/samples/hematopoietic/CEMT0032.gDNA/problems/chr10:18024675-38818835,11.96138858795166
H3K27me3_TDH_some/samples/ips/MS032901/problems/chr3:60000-66170270,10.486213684082031
H3K27me3_TDH_some/samples/ips/MS032901/problems/chr3:93504854-194041961,10.553465843200684
H3K27me3_TDH_some/samples/ips/MS033001/problems/chr3:60000-66170270,10.567098617553711
H3K27me3_TDH_some/samples/ips/MS033001/problems/chr3:93504854-194041961,10.542452812194824
H3K27me3_TDH_some/samples/ips/MS033001/problems/chr5:49600000-91636128,10.443368911743164
H3K27me3_TDH_some/samples/ips/MS033101/problems/chr3:60000-66170270,11.032485008239746
