sequenceID,llda
H3K27me3_TDH_some/samples/brain/CEMT0022.gDNA/problems/chr14:19050000-107289540,10.8922758102417
H3K27me3_TDH_some/samples/brain/CEMT0022.gDNA/problems/chr4:75452279-190000000,10.890429496765137
H3K27me3_TDH_some/samples/brain/CEMT0023.gDNA/problems/chr10:18024675-38818835,10.880340576171875
H3K27me3_TDH_some/samples/brain/CEMT0023.gDNA/problems/chr4:75452279-190000000,10.894990921020508
H3K27me3_TDH_some/samples/brain/CEMT0023.gDNA/problems/chr5:49600000-91636128,10.897185325622559
H3K27me3_TDH_some/samples/hematopoietic/CEMT0031.gDNA/problems/chr10:18024675-38818835,10.86985969543457
H3K27me3_TDH_some/samples/hematopoietic/CEMT0031.gDNA/problems/chr3:60000-66170270,10.88785171508789
H3K27me3_TDH_some/samples/hematopoietic/CEMT0031.gDNA/problems/chr3:93504854-194041961,10.889386177062988
H3K27me3_TDH_some/samples/hematopoietic/CEMT0031.gDNA/problems/chr5:49600000-91636128,10.891114234924316
H3K27me3_TDH_some/samples/hematopoietic/CEMT0032.gDNA/problems/chr10:18024675-38818835,10.887887954711914
H3K27me3_TDH_some/samples/ips/MS032901/problems/chr3:60000-66170270,10.894003868103027
H3K27me3_TDH_some/samples/ips/MS032901/problems/chr3:93504854-194041961,10.893155097961426
H3K27me3_TDH_some/samples/ips/MS033001/problems/chr3:60000-66170270,10.8947172164917
H3K27me3_TDH_some/samples/ips/MS033001/problems/chr3:93504854-194041961,10.892337799072266
H3K27me3_TDH_some/samples/ips/MS033001/problems/chr5:49600000-91636128,10.895220756530762
H3K27me3_TDH_some/samples/ips/MS033101/problems/chr3:60000-66170270,10.894143104553223
