sequenceID,llda
H3K36me3_TDH_immune/samples/monocyte/McGill0001/problems/chr10:18024675-38818835,12.006075859069824
H3K36me3_TDH_immune/samples/monocyte/McGill0002/problems/chr11:96437584-134946516,12.0062255859375
H3K36me3_TDH_immune/samples/monocyte/McGill0079/problems/chr10:51448845-125869472,12.005847930908203
H3K36me3_TDH_immune/samples/monocyte/McGill0079/problems/chr12:7239876-34856694,12.006160736083984
H3K36me3_TDH_immune/samples/monocyte/McGill0101/problems/chr10:18024675-38818835,12.00610065460205
H3K36me3_TDH_immune/samples/monocyte/McGill0101/problems/chr11:96437584-134946516,12.006120681762695
H3K36me3_TDH_immune/samples/monocyte/McGill0104/problems/chr10:18024675-38818835,12.005998611450195
H3K36me3_TDH_immune/samples/tcell/McGill0008/problems/chr10:18024675-38818835,12.006057739257812
H3K36me3_TDH_immune/samples/tcell/McGill0008/problems/chr10:51448845-125869472,12.006227493286133
H3K36me3_TDH_immune/samples/tcell/McGill0026/problems/chr10:18024675-38818835,12.006142616271973
H3K36me3_TDH_immune/samples/tcell/McGill0026/problems/chr10:51448845-125869472,12.006254196166992
H3K36me3_TDH_immune/samples/tcell/McGill0026/problems/chr12:7239876-34856694,12.006229400634766
H3K36me3_TDH_immune/samples/tcell/McGill0029/problems/chr10:18024675-38818835,12.00607681274414
H3K36me3_TDH_immune/samples/tcell/McGill0029/problems/chr10:51448845-125869472,12.006219863891602
H3K36me3_TDH_immune/samples/tcell/McGill0102/problems/chr10:18024675-38818835,12.006013870239258
H3K36me3_TDH_immune/samples/tcell/McGill0102/problems/chr10:51448845-125869472,12.006023406982422
H3K36me3_TDH_immune/samples/tcell/McGill0102/problems/chr12:7239876-34856694,12.006206512451172
