sequenceID,llda
H3K27me3_TDH_some/samples/brain/CEMT0022.gDNA/problems/chr14:19050000-107289540,11.879924774169922
H3K27me3_TDH_some/samples/brain/CEMT0022.gDNA/problems/chr4:75452279-190000000,12.275772094726562
H3K27me3_TDH_some/samples/brain/CEMT0023.gDNA/problems/chr10:18024675-38818835,9.841924667358398
H3K27me3_TDH_some/samples/brain/CEMT0023.gDNA/problems/chr4:75452279-190000000,10.769607543945312
H3K27me3_TDH_some/samples/brain/CEMT0023.gDNA/problems/chr5:49600000-91636128,10.154914855957031
H3K27me3_TDH_some/samples/hematopoietic/CEMT0031.gDNA/problems/chr10:18024675-38818835,10.378020286560059
H3K27me3_TDH_some/samples/hematopoietic/CEMT0031.gDNA/problems/chr3:60000-66170270,11.996200561523438
H3K27me3_TDH_some/samples/hematopoietic/CEMT0031.gDNA/problems/chr3:93504854-194041961,12.014867782592773
H3K27me3_TDH_some/samples/hematopoietic/CEMT0031.gDNA/problems/chr5:49600000-91636128,12.812532424926758
H3K27me3_TDH_some/samples/hematopoietic/CEMT0032.gDNA/problems/chr10:18024675-38818835,12.276991844177246
H3K27me3_TDH_some/samples/ips/MS032901/problems/chr3:60000-66170270,10.517518997192383
H3K27me3_TDH_some/samples/ips/MS032901/problems/chr3:93504854-194041961,11.151732444763184
H3K27me3_TDH_some/samples/ips/MS033001/problems/chr3:60000-66170270,10.468472480773926
H3K27me3_TDH_some/samples/ips/MS033001/problems/chr3:93504854-194041961,9.923457145690918
H3K27me3_TDH_some/samples/ips/MS033001/problems/chr5:49600000-91636128,10.411266326904297
H3K27me3_TDH_some/samples/ips/MS033101/problems/chr3:60000-66170270,10.392054557800293
