dataset,num_layers,layer_size,test_fold,stop_epoch,train_loss,val_loss,test_loss,time
H3K4me1_TDH_BP,1,512,2,304,1.215384602546692,1.2125269174575806,3.609924793243408,2.5670289993286133
