dataset,num_layers,layer_size,test_fold,stop_epoch,train_loss,val_loss,test_loss,time
H3K4me1_TDH_BP,1,1,2,411,11.180838584899902,8.828007698059082,18.000415802001953,2.2542052268981934
