dataset,num_layers,layer_size,test_fold,stop_epoch,train_loss,val_loss,test_loss,time
H3K4me1_TDH_BP,1,256,2,432,1.4508148431777954,1.3298224210739136,4.136703968048096,2.692019462585449
