dataset,num_layers,layer_size,test_fold,stop_epoch,train_loss,val_loss,test_loss,time
H3K36me3_TDH_ENCODE,2,256,2,135,0.2789080739021301,2.383580207824707,7.933395862579346,2.105509042739868
