dataset,num_layers,layer_size,test_fold,stop_epoch,train_loss,val_loss,test_loss,time
H3K36me3_TDH_ENCODE,2,1,1,11113,1.9312411546707153,3.879192590713501,3.72957706451416,20.494463205337524
