dataset,num_layers,layer_size,test_fold,stop_epoch,train_loss,val_loss,test_loss,time
H3K36me3_TDH_ENCODE,3,16,1,972,0.8502026796340942,3.733882427215576,4.707400798797607,3.8812038898468018
