dataset,num_layers,layer_size,test_fold,stop_epoch,train_loss,val_loss,test_loss,time
H3K27ac-H3K4me3_TDHAM_BP,1,256,1,2669,0.7200459241867065,0.5895301103591919,0.9646816253662109,16.119056701660156
