dataset,num_layers,layer_size,test_fold,stop_epoch,train_loss,val_loss,test_loss,time
H3K27ac-H3K4me3_TDHAM_BP,1,16,2,9217,0.8295683264732361,1.1540284156799316,0.8757913112640381,19.03394627571106
