dataset,num_layers,layer_size,test_fold,stop_epoch,train_loss,val_loss,test_loss,time
H3K27ac-H3K4me3_TDHAM_BP,2,32,1,1434,0.8117600679397583,0.6893830299377441,0.9951068758964539,5.828570604324341
