dataset,num_layers,layer_size,test_fold,stop_epoch,train_loss,val_loss,test_loss,time
H3K27ac-H3K4me3_TDHAM_BP,1,128,3,3409,0.8050923347473145,0.4677034914493561,1.2918815612792969,13.806159734725952
