dataset,num_layers,layer_size,test_fold,stop_epoch,train_loss,val_loss,test_loss,time
H3K27ac-H3K4me3_TDHAM_BP,2,4,2,12974,1.6573374271392822,1.586432933807373,1.5587621927261353,28.63588571548462
