dataset,num_layers,layer_size,test_fold,stop_epoch,train_loss,val_loss,test_loss,time
H3K27ac-H3K4me3_TDHAM_BP,1,4,1,16097,1.6217435598373413,1.4084898233413696,1.705095887184143,31.95132327079773
