dataset,num_layers,layer_size,test_fold,stop_epoch,train_loss,val_loss,test_loss,time
H3K27ac-H3K4me3_TDHAM_BP,2,8,1,3710,0.9102686643600464,0.7224774360656738,1.1212645769119263,9.767861604690552
