dataset,num_layers,layer_size,test_fold,stop_epoch,train_loss,val_loss,test_loss,time
H3K27ac-H3K4me3_TDHAM_BP,1,1,2,14219,0.8227165937423706,1.1542775630950928,0.8740977048873901,24.681801557540894
