dataset,num_layers,layer_size,test_fold,stop_epoch,train_loss,val_loss,test_loss,time
H3K27ac-H3K4me3_TDHAM_BP,2,256,4,793,0.5944418907165527,1.2372890710830688,0.7671690583229065,15.885105848312378
