dataset,num_layers,layer_size,test_fold,stop_epoch,train_loss,val_loss,test_loss,time
H3K27ac-H3K4me3_TDHAM_BP,3,4,3,1627,1.727643609046936,1.1609625816345215,1.5967111587524414,5.851760387420654
