dataset,num_layers,layer_size,test_fold,stop_epoch,train_loss,val_loss,test_loss,time
CTCF_TDH_ENCODE,1,4,2,16251,1.2701739072799683,0.9049773216247559,1.6127490997314453,26.014352798461914
