dataset,num_layers,layer_size,test_fold,stop_epoch,train_loss,val_loss,test_loss,time
CTCF_TDH_ENCODE,3,2,2,15861,1.2701599597930908,0.9049773216247559,1.6127437353134155,35.45881652832031
