sequenceID,llda
H3K36me3_TDH_immune/samples/monocyte/McGill0001/problems/chr10:18024675-38818835,13.131234169006348
H3K36me3_TDH_immune/samples/monocyte/McGill0002/problems/chr11:96437584-134946516,11.981972694396973
H3K36me3_TDH_immune/samples/monocyte/McGill0079/problems/chr10:51448845-125869472,12.191941261291504
H3K36me3_TDH_immune/samples/monocyte/McGill0079/problems/chr12:7239876-34856694,11.447734832763672
H3K36me3_TDH_immune/samples/monocyte/McGill0101/problems/chr10:18024675-38818835,12.564495086669922
H3K36me3_TDH_immune/samples/monocyte/McGill0101/problems/chr11:96437584-134946516,10.148005485534668
H3K36me3_TDH_immune/samples/monocyte/McGill0104/problems/chr10:18024675-38818835,13.250229835510254
H3K36me3_TDH_immune/samples/tcell/McGill0008/problems/chr10:18024675-38818835,13.226234436035156
H3K36me3_TDH_immune/samples/tcell/McGill0008/problems/chr10:51448845-125869472,12.017407417297363
H3K36me3_TDH_immune/samples/tcell/McGill0026/problems/chr10:18024675-38818835,13.165283203125
H3K36me3_TDH_immune/samples/tcell/McGill0026/problems/chr10:51448845-125869472,11.68836784362793
H3K36me3_TDH_immune/samples/tcell/McGill0026/problems/chr12:7239876-34856694,11.765983581542969
H3K36me3_TDH_immune/samples/tcell/McGill0029/problems/chr10:18024675-38818835,13.151617050170898
H3K36me3_TDH_immune/samples/tcell/McGill0029/problems/chr10:51448845-125869472,10.59805679321289
H3K36me3_TDH_immune/samples/tcell/McGill0102/problems/chr10:18024675-38818835,13.165360450744629
H3K36me3_TDH_immune/samples/tcell/McGill0102/problems/chr10:51448845-125869472,11.962151527404785
H3K36me3_TDH_immune/samples/tcell/McGill0102/problems/chr12:7239876-34856694,11.341352462768555
