dataset,num_layers,layer_size,test_fold,stop_epoch,train_loss,val_loss,test_loss,time
H3K9me3_TDH_BP,1,256,1,2568,0.7329233884811401,0.9552792906761169,2.771078109741211,6.947624444961548
