dataset,num_layers,layer_size,test_fold,stop_epoch,train_loss,val_loss,test_loss,time
H3K9me3_TDH_BP,1,1,2,8350,1.4909586906433105,1.3254070281982422,1.4068971872329712,14.24335265159607
