dataset,num_layers,layer_size,test_fold,stop_epoch,train_loss,val_loss,test_loss,time
H3K9me3_TDH_BP,3,2,2,12795,2.040719509124756,0.9076080918312073,1.2445452213287354,28.930217742919922
