dataset,num_layers,layer_size,test_fold,stop_epoch,train_loss,val_loss,test_loss,time
H3K9me3_TDH_BP,3,64,1,1293,0.7194632887840271,0.8762823939323425,2.3247599601745605,4.910149335861206
