dataset,num_layers,layer_size,test_fold,stop_epoch,train_loss,val_loss,test_loss,time
H3K9me3_TDH_BP,2,256,2,498,0.8750137090682983,1.1559585332870483,2.1624953746795654,3.4596829414367676
