dataset,num_layers,layer_size,test_fold,stop_epoch,train_loss,val_loss,test_loss,time
H3K9me3_TDH_BP,3,4,2,1387,2.014683723449707,0.9076080918312073,1.189658284187317,4.792997121810913
