dataset,num_layers,layer_size,test_fold,stop_epoch,train_loss,val_loss,test_loss,time
H3K9me3_TDH_BP,1,32,2,3692,1.2460967302322388,1.3380714654922485,1.533117651939392,7.401892423629761
