dataset,num_layers,layer_size,test_fold,stop_epoch,train_loss,val_loss,test_loss,time
H3K9me3_TDH_BP,3,4,1,1789,1.1558012962341309,1.0204386711120605,1.8320144414901733,5.54608941078186
