dataset,num_layers,layer_size,test_fold,stop_epoch,train_loss,val_loss,test_loss,time
H3K4me3_PGP_immune,3,32,2,715,1.7010948657989502,2.003777265548706,2.3757314682006836,3.298786163330078
