dataset,num_layers,layer_size,test_fold,stop_epoch,train_loss,val_loss,test_loss,time
H3K4me3_PGP_immune,3,8,1,3738,2.249706745147705,1.7904407978057861,4.798270225524902,9.930490493774414
