dataset,num_layers,layer_size,test_fold,stop_epoch,train_loss,val_loss,test_loss,time
H3K4me3_PGP_immune,2,256,1,318,2.0486960411071777,1.9140037298202515,3.487448215484619,2.967761754989624
