dataset,num_layers,layer_size,test_fold,stop_epoch,train_loss,val_loss,test_loss,time
H3K4me3_PGP_immune,1,2,2,6327,1.9168325662612915,2.299098014831543,2.393378973007202,11.673566341400146
