dataset,num_layers,layer_size,test_fold,stop_epoch,train_loss,val_loss,test_loss,time
H3K4me3_PGP_immune,2,512,2,272,1.5711796283721924,1.9385892152786255,2.29679799079895,4.650355577468872
