sequenceID,llda
H3K36me3_TDH_other/samples/kidney/McGill0023/problems/chr14:19050000-107289540,10.984562873840332
H3K36me3_TDH_other/samples/kidney/McGill0023/problems/chr15:29209443-77800000,10.972651481628418
H3K36me3_TDH_other/samples/kidneyCancer/McGill0022/problems/chr14:19050000-107289540,10.996994972229004
H3K36me3_TDH_other/samples/kidneyCancer/McGill0022/problems/chr16:60000-8636921,10.996994972229004
H3K36me3_TDH_other/samples/kidneyCancer/McGill0022/problems/chr21:43005559-44632664,10.988648414611816
H3K36me3_TDH_other/samples/skeletalMuscleCtrl/McGill0036/problems/chr16:60000-8636921,10.99287223815918
H3K36me3_TDH_other/samples/skeletalMuscleCtrl/McGill0036/problems/chr21:43005559-44632664,10.992867469787598
H3K36me3_TDH_other/samples/skeletalMuscleCtrl/McGill0037/problems/chr15:29209443-77800000,10.96517562866211
H3K36me3_TDH_other/samples/skeletalMuscleCtrl/McGill0037/problems/chr16:60000-8636921,10.99294662475586
H3K36me3_TDH_other/samples/skeletalMuscleCtrl/McGill0037/problems/chr16:8686921-32000000,10.996857643127441
H3K36me3_TDH_other/samples/skeletalMuscleMD/McGill0012/problems/chr14:19050000-107289540,10.996994972229004
H3K36me3_TDH_other/samples/skeletalMuscleMD/McGill0012/problems/chr15:29209443-77800000,10.984471321105957
H3K36me3_TDH_other/samples/skeletalMuscleMD/McGill0012/problems/chr16:60000-8636921,10.997060775756836
H3K36me3_TDH_other/samples/skeletalMuscleMD/McGill0012/problems/chr16:8686921-32000000,10.99680233001709
H3K36me3_TDH_other/samples/skeletalMuscleMD/McGill0013/problems/chr16:8686921-32000000,10.992859840393066
H3K36me3_TDH_other/samples/skeletalMuscleMD/McGill0013/problems/chr21:43005559-44632664,10.988648414611816
H3K36me3_TDH_other/samples/skeletalMuscleMD/McGill0016/problems/chr14:19050000-107289540,10.992798805236816
H3K36me3_TDH_other/samples/skeletalMuscleMD/McGill0016/problems/chr15:29209443-77800000,10.96137523651123
H3K36me3_TDH_other/samples/skeletalMuscleMD/McGill0016/problems/chr16:8686921-32000000,10.992859840393066
H3K36me3_TDH_other/samples/skeletalMuscleMD/McGill0016/problems/chr21:43005559-44632664,10.992795944213867
