dataset,num_layers,layer_size,test_fold,stop_epoch,train_loss,val_loss,test_loss,time
H3K36me3_TDH_immune,1,256,2,116,3.1886069774627686,8.579460144042969,9.301438331604004,1.8943274021148682
