dataset,num_layers,layer_size,test_fold,stop_epoch,train_loss,val_loss,test_loss,time
H3K36me3_TDH_immune,3,256,2,535,0.0748557448387146,0.44908154010772705,2.583951234817505,3.693420648574829
