dataset,num_layers,layer_size,test_fold,stop_epoch,train_loss,val_loss,test_loss,time
H3K36me3_TDH_immune,1,16,1,1106,1.6801034212112427,1.6909798383712769,4.32162618637085,3.364353656768799
