dataset,num_layers,layer_size,test_fold,stop_epoch,train_loss,val_loss,test_loss,time
H3K36me3_TDH_immune,2,64,1,366,0.3852754235267639,3.345224380493164,3.849743604660034,2.4981942176818848
