dataset,num_layers,layer_size,test_fold,stop_epoch,train_loss,val_loss,test_loss,time
H3K36me3_TDH_immune,1,256,1,178,1.178078293800354,2.8004937171936035,4.91996431350708,1.902252197265625
