sequenceID,llda
H3K36me3_TDH_immune/samples/monocyte/McGill0001/problems/chr10:51448845-125869472,12.129718780517578
H3K36me3_TDH_immune/samples/monocyte/McGill0001/problems/chr11:96437584-134946516,12.129681587219238
H3K36me3_TDH_immune/samples/monocyte/McGill0001/problems/chr12:7239876-34856694,12.129731178283691
H3K36me3_TDH_immune/samples/monocyte/McGill0002/problems/chr10:18024675-38818835,12.12972354888916
H3K36me3_TDH_immune/samples/monocyte/McGill0002/problems/chr10:51448845-125869472,12.129599571228027
H3K36me3_TDH_immune/samples/monocyte/McGill0002/problems/chr12:7239876-34856694,12.129748344421387
H3K36me3_TDH_immune/samples/monocyte/McGill0079/problems/chr10:18024675-38818835,12.128987312316895
H3K36me3_TDH_immune/samples/monocyte/McGill0079/problems/chr11:96437584-134946516,12.129681587219238
H3K36me3_TDH_immune/samples/monocyte/McGill0101/problems/chr10:51448845-125869472,12.129731178283691
H3K36me3_TDH_immune/samples/monocyte/McGill0101/problems/chr12:7239876-34856694,12.129729270935059
H3K36me3_TDH_immune/samples/monocyte/McGill0104/problems/chr10:51448845-125869472,12.129728317260742
H3K36me3_TDH_immune/samples/monocyte/McGill0104/problems/chr11:96437584-134946516,12.129681587219238
H3K36me3_TDH_immune/samples/monocyte/McGill0104/problems/chr12:7239876-34856694,12.129731178283691
H3K36me3_TDH_immune/samples/tcell/McGill0008/problems/chr11:96437584-134946516,12.129681587219238
H3K36me3_TDH_immune/samples/tcell/McGill0008/problems/chr12:7239876-34856694,12.129727363586426
H3K36me3_TDH_immune/samples/tcell/McGill0024/problems/chr11:96437584-134946516,12.129721641540527
H3K36me3_TDH_immune/samples/tcell/McGill0026/problems/chr11:96437584-134946516,12.12966251373291
H3K36me3_TDH_immune/samples/tcell/McGill0029/problems/chr11:96437584-134946516,12.129722595214844
H3K36me3_TDH_immune/samples/tcell/McGill0029/problems/chr12:7239876-34856694,12.129749298095703
H3K36me3_TDH_immune/samples/tcell/McGill0102/problems/chr11:96437584-134946516,12.129681587219238
