sequenceID,llda
H3K27me3_TDH_some/samples/brain/CEMT0022.gDNA/problems/chr14:19050000-107289540,11.88696002960205
H3K27me3_TDH_some/samples/brain/CEMT0022.gDNA/problems/chr4:75452279-190000000,11.954346656799316
H3K27me3_TDH_some/samples/brain/CEMT0023.gDNA/problems/chr10:18024675-38818835,10.276002883911133
H3K27me3_TDH_some/samples/brain/CEMT0023.gDNA/problems/chr4:75452279-190000000,10.857600212097168
H3K27me3_TDH_some/samples/brain/CEMT0023.gDNA/problems/chr5:49600000-91636128,10.459073066711426
H3K27me3_TDH_some/samples/hematopoietic/CEMT0031.gDNA/problems/chr10:18024675-38818835,11.633025169372559
H3K27me3_TDH_some/samples/hematopoietic/CEMT0031.gDNA/problems/chr3:60000-66170270,12.070651054382324
H3K27me3_TDH_some/samples/hematopoietic/CEMT0031.gDNA/problems/chr3:93504854-194041961,11.651337623596191
H3K27me3_TDH_some/samples/hematopoietic/CEMT0031.gDNA/problems/chr5:49600000-91636128,11.656415939331055
H3K27me3_TDH_some/samples/hematopoietic/CEMT0032.gDNA/problems/chr10:18024675-38818835,11.876424789428711
H3K27me3_TDH_some/samples/ips/MS032901/problems/chr3:60000-66170270,10.430405616760254
H3K27me3_TDH_some/samples/ips/MS032901/problems/chr3:93504854-194041961,11.840984344482422
H3K27me3_TDH_some/samples/ips/MS033001/problems/chr3:60000-66170270,10.422528266906738
H3K27me3_TDH_some/samples/ips/MS033001/problems/chr3:93504854-194041961,11.497465133666992
H3K27me3_TDH_some/samples/ips/MS033001/problems/chr5:49600000-91636128,10.386700630187988
H3K27me3_TDH_some/samples/ips/MS033101/problems/chr3:60000-66170270,10.48199462890625
