sequenceID,llda
H3K27me3_TDH_some/samples/brain/CEMT0022.gDNA/problems/chr14:19050000-107289540,11.98657512664795
H3K27me3_TDH_some/samples/brain/CEMT0022.gDNA/problems/chr4:75452279-190000000,11.78232192993164
H3K27me3_TDH_some/samples/brain/CEMT0023.gDNA/problems/chr10:18024675-38818835,10.321322441101074
H3K27me3_TDH_some/samples/brain/CEMT0023.gDNA/problems/chr4:75452279-190000000,10.712325096130371
H3K27me3_TDH_some/samples/brain/CEMT0023.gDNA/problems/chr5:49600000-91636128,10.203981399536133
H3K27me3_TDH_some/samples/hematopoietic/CEMT0031.gDNA/problems/chr10:18024675-38818835,11.43807601928711
H3K27me3_TDH_some/samples/hematopoietic/CEMT0031.gDNA/problems/chr3:60000-66170270,11.792388916015625
H3K27me3_TDH_some/samples/hematopoietic/CEMT0031.gDNA/problems/chr3:93504854-194041961,11.59250259399414
H3K27me3_TDH_some/samples/hematopoietic/CEMT0031.gDNA/problems/chr5:49600000-91636128,11.565945625305176
H3K27me3_TDH_some/samples/hematopoietic/CEMT0032.gDNA/problems/chr10:18024675-38818835,11.600801467895508
H3K27me3_TDH_some/samples/ips/MS032901/problems/chr3:60000-66170270,10.710590362548828
H3K27me3_TDH_some/samples/ips/MS032901/problems/chr3:93504854-194041961,11.574308395385742
H3K27me3_TDH_some/samples/ips/MS033001/problems/chr3:60000-66170270,10.557317733764648
H3K27me3_TDH_some/samples/ips/MS033001/problems/chr3:93504854-194041961,11.323881149291992
H3K27me3_TDH_some/samples/ips/MS033001/problems/chr5:49600000-91636128,10.54608154296875
H3K27me3_TDH_some/samples/ips/MS033101/problems/chr3:60000-66170270,10.450242042541504
