sequenceID,llda
H3K36me3_TDH_immune/samples/monocyte/McGill0001/problems/chr10:18024675-38818835,12.005577087402344
H3K36me3_TDH_immune/samples/monocyte/McGill0002/problems/chr11:96437584-134946516,12.005767822265625
H3K36me3_TDH_immune/samples/monocyte/McGill0079/problems/chr10:51448845-125869472,12.005728721618652
H3K36me3_TDH_immune/samples/monocyte/McGill0079/problems/chr12:7239876-34856694,12.005758285522461
H3K36me3_TDH_immune/samples/monocyte/McGill0101/problems/chr10:18024675-38818835,12.005615234375
H3K36me3_TDH_immune/samples/monocyte/McGill0101/problems/chr11:96437584-134946516,12.005786895751953
H3K36me3_TDH_immune/samples/monocyte/McGill0104/problems/chr10:18024675-38818835,12.005658149719238
H3K36me3_TDH_immune/samples/tcell/McGill0008/problems/chr10:18024675-38818835,12.005704879760742
H3K36me3_TDH_immune/samples/tcell/McGill0008/problems/chr10:51448845-125869472,12.005802154541016
H3K36me3_TDH_immune/samples/tcell/McGill0026/problems/chr10:18024675-38818835,12.005622863769531
H3K36me3_TDH_immune/samples/tcell/McGill0026/problems/chr10:51448845-125869472,12.00580883026123
H3K36me3_TDH_immune/samples/tcell/McGill0026/problems/chr12:7239876-34856694,12.00580883026123
H3K36me3_TDH_immune/samples/tcell/McGill0029/problems/chr10:18024675-38818835,12.005605697631836
H3K36me3_TDH_immune/samples/tcell/McGill0029/problems/chr10:51448845-125869472,12.0058012008667
H3K36me3_TDH_immune/samples/tcell/McGill0102/problems/chr10:18024675-38818835,12.005578994750977
H3K36me3_TDH_immune/samples/tcell/McGill0102/problems/chr10:51448845-125869472,12.00581169128418
H3K36me3_TDH_immune/samples/tcell/McGill0102/problems/chr12:7239876-34856694,12.005796432495117
