sequenceID,llda
H3K27me3_TDH_some/samples/brain/CEMT0022.gDNA/problems/chr14:19050000-107289540,11.205862998962402
H3K27me3_TDH_some/samples/brain/CEMT0022.gDNA/problems/chr4:75452279-190000000,11.205925941467285
H3K27me3_TDH_some/samples/brain/CEMT0023.gDNA/problems/chr10:18024675-38818835,11.205412864685059
H3K27me3_TDH_some/samples/brain/CEMT0023.gDNA/problems/chr4:75452279-190000000,11.205810546875
H3K27me3_TDH_some/samples/brain/CEMT0023.gDNA/problems/chr5:49600000-91636128,11.20529556274414
H3K27me3_TDH_some/samples/hematopoietic/CEMT0031.gDNA/problems/chr10:18024675-38818835,11.204545974731445
H3K27me3_TDH_some/samples/hematopoietic/CEMT0031.gDNA/problems/chr3:60000-66170270,11.20584774017334
H3K27me3_TDH_some/samples/hematopoietic/CEMT0031.gDNA/problems/chr3:93504854-194041961,11.205904960632324
H3K27me3_TDH_some/samples/hematopoietic/CEMT0031.gDNA/problems/chr5:49600000-91636128,11.205910682678223
H3K27me3_TDH_some/samples/hematopoietic/CEMT0032.gDNA/problems/chr10:18024675-38818835,11.205849647521973
H3K27me3_TDH_some/samples/ips/MS032901/problems/chr3:60000-66170270,11.205887794494629
H3K27me3_TDH_some/samples/ips/MS032901/problems/chr3:93504854-194041961,11.205918312072754
H3K27me3_TDH_some/samples/ips/MS033001/problems/chr3:60000-66170270,11.205832481384277
H3K27me3_TDH_some/samples/ips/MS033001/problems/chr3:93504854-194041961,11.205933570861816
H3K27me3_TDH_some/samples/ips/MS033001/problems/chr5:49600000-91636128,11.205778121948242
H3K27me3_TDH_some/samples/ips/MS033101/problems/chr3:60000-66170270,11.2058744430542
