sequenceID,llda
H3K27me3_TDH_some/samples/brain/CEMT0022.gDNA/problems/chr14:19050000-107289540,12.05419635772705
H3K27me3_TDH_some/samples/brain/CEMT0022.gDNA/problems/chr4:75452279-190000000,11.762683868408203
H3K27me3_TDH_some/samples/brain/CEMT0023.gDNA/problems/chr10:18024675-38818835,10.647665023803711
H3K27me3_TDH_some/samples/brain/CEMT0023.gDNA/problems/chr4:75452279-190000000,10.708013534545898
H3K27me3_TDH_some/samples/brain/CEMT0023.gDNA/problems/chr5:49600000-91636128,10.334931373596191
H3K27me3_TDH_some/samples/hematopoietic/CEMT0031.gDNA/problems/chr10:18024675-38818835,9.97728157043457
H3K27me3_TDH_some/samples/hematopoietic/CEMT0031.gDNA/problems/chr3:60000-66170270,11.761661529541016
H3K27me3_TDH_some/samples/hematopoietic/CEMT0031.gDNA/problems/chr3:93504854-194041961,11.606648445129395
H3K27me3_TDH_some/samples/hematopoietic/CEMT0031.gDNA/problems/chr5:49600000-91636128,11.937023162841797
H3K27me3_TDH_some/samples/hematopoietic/CEMT0032.gDNA/problems/chr10:18024675-38818835,11.606285095214844
H3K27me3_TDH_some/samples/ips/MS032901/problems/chr3:60000-66170270,10.585334777832031
H3K27me3_TDH_some/samples/ips/MS032901/problems/chr3:93504854-194041961,11.998144149780273
H3K27me3_TDH_some/samples/ips/MS033001/problems/chr3:60000-66170270,10.444572448730469
H3K27me3_TDH_some/samples/ips/MS033001/problems/chr3:93504854-194041961,11.855294227600098
H3K27me3_TDH_some/samples/ips/MS033001/problems/chr5:49600000-91636128,10.613020896911621
H3K27me3_TDH_some/samples/ips/MS033101/problems/chr3:60000-66170270,10.418699264526367
