sequenceID,llda
H3K27me3_TDH_some/samples/brain/CEMT0022.gDNA/problems/chr14:19050000-107289540,11.273820877075195
H3K27me3_TDH_some/samples/brain/CEMT0022.gDNA/problems/chr4:75452279-190000000,11.875999450683594
H3K27me3_TDH_some/samples/brain/CEMT0023.gDNA/problems/chr10:18024675-38818835,10.549283981323242
H3K27me3_TDH_some/samples/brain/CEMT0023.gDNA/problems/chr4:75452279-190000000,10.622884750366211
H3K27me3_TDH_some/samples/brain/CEMT0023.gDNA/problems/chr5:49600000-91636128,10.239906311035156
H3K27me3_TDH_some/samples/hematopoietic/CEMT0031.gDNA/problems/chr10:18024675-38818835,10.61003303527832
H3K27me3_TDH_some/samples/hematopoietic/CEMT0031.gDNA/problems/chr3:60000-66170270,11.566288948059082
H3K27me3_TDH_some/samples/hematopoietic/CEMT0031.gDNA/problems/chr3:93504854-194041961,11.667407035827637
H3K27me3_TDH_some/samples/hematopoietic/CEMT0031.gDNA/problems/chr5:49600000-91636128,11.723969459533691
H3K27me3_TDH_some/samples/hematopoietic/CEMT0032.gDNA/problems/chr10:18024675-38818835,11.972410202026367
H3K27me3_TDH_some/samples/ips/MS032901/problems/chr3:60000-66170270,10.522171974182129
H3K27me3_TDH_some/samples/ips/MS032901/problems/chr3:93504854-194041961,12.03540325164795
H3K27me3_TDH_some/samples/ips/MS033001/problems/chr3:60000-66170270,10.424445152282715
H3K27me3_TDH_some/samples/ips/MS033001/problems/chr3:93504854-194041961,11.993432998657227
H3K27me3_TDH_some/samples/ips/MS033001/problems/chr5:49600000-91636128,10.49564266204834
H3K27me3_TDH_some/samples/ips/MS033101/problems/chr3:60000-66170270,10.40866756439209
