sequenceID,llda
H3K27me3_TDH_some/samples/brain/CEMT0022.gDNA/problems/chr14:19050000-107289540,10.996284484863281
H3K27me3_TDH_some/samples/brain/CEMT0022.gDNA/problems/chr4:75452279-190000000,12.271946907043457
H3K27me3_TDH_some/samples/brain/CEMT0023.gDNA/problems/chr10:18024675-38818835,10.56661605834961
H3K27me3_TDH_some/samples/brain/CEMT0023.gDNA/problems/chr4:75452279-190000000,10.785745620727539
H3K27me3_TDH_some/samples/brain/CEMT0023.gDNA/problems/chr5:49600000-91636128,10.18762493133545
H3K27me3_TDH_some/samples/hematopoietic/CEMT0031.gDNA/problems/chr10:18024675-38818835,10.339079856872559
H3K27me3_TDH_some/samples/hematopoietic/CEMT0031.gDNA/problems/chr3:60000-66170270,11.847874641418457
H3K27me3_TDH_some/samples/hematopoietic/CEMT0031.gDNA/problems/chr3:93504854-194041961,11.896848678588867
H3K27me3_TDH_some/samples/hematopoietic/CEMT0031.gDNA/problems/chr5:49600000-91636128,11.605271339416504
H3K27me3_TDH_some/samples/hematopoietic/CEMT0032.gDNA/problems/chr10:18024675-38818835,11.77662181854248
H3K27me3_TDH_some/samples/ips/MS032901/problems/chr3:60000-66170270,10.734387397766113
H3K27me3_TDH_some/samples/ips/MS032901/problems/chr3:93504854-194041961,11.925569534301758
H3K27me3_TDH_some/samples/ips/MS033001/problems/chr3:60000-66170270,10.570708274841309
H3K27me3_TDH_some/samples/ips/MS033001/problems/chr3:93504854-194041961,11.944479942321777
H3K27me3_TDH_some/samples/ips/MS033001/problems/chr5:49600000-91636128,10.541028022766113
H3K27me3_TDH_some/samples/ips/MS033101/problems/chr3:60000-66170270,10.543974876403809
