sequenceID,llda
H3K27me3_TDH_some/samples/brain/CEMT0022.gDNA/problems/chr14:19050000-107289540,11.97849178314209
H3K27me3_TDH_some/samples/brain/CEMT0022.gDNA/problems/chr4:75452279-190000000,12.009236335754395
H3K27me3_TDH_some/samples/brain/CEMT0023.gDNA/problems/chr10:18024675-38818835,9.916178703308105
H3K27me3_TDH_some/samples/brain/CEMT0023.gDNA/problems/chr4:75452279-190000000,10.543394088745117
H3K27me3_TDH_some/samples/brain/CEMT0023.gDNA/problems/chr5:49600000-91636128,10.673567771911621
H3K27me3_TDH_some/samples/hematopoietic/CEMT0031.gDNA/problems/chr10:18024675-38818835,11.999465942382812
H3K27me3_TDH_some/samples/hematopoietic/CEMT0031.gDNA/problems/chr3:60000-66170270,12.020280838012695
H3K27me3_TDH_some/samples/hematopoietic/CEMT0031.gDNA/problems/chr3:93504854-194041961,11.83902359008789
H3K27me3_TDH_some/samples/hematopoietic/CEMT0031.gDNA/problems/chr5:49600000-91636128,12.12148666381836
H3K27me3_TDH_some/samples/hematopoietic/CEMT0032.gDNA/problems/chr10:18024675-38818835,12.095300674438477
H3K27me3_TDH_some/samples/ips/MS032901/problems/chr3:60000-66170270,10.414274215698242
H3K27me3_TDH_some/samples/ips/MS032901/problems/chr3:93504854-194041961,11.174091339111328
H3K27me3_TDH_some/samples/ips/MS033001/problems/chr3:60000-66170270,10.4146089553833
H3K27me3_TDH_some/samples/ips/MS033001/problems/chr3:93504854-194041961,10.900064468383789
H3K27me3_TDH_some/samples/ips/MS033001/problems/chr5:49600000-91636128,10.703320503234863
H3K27me3_TDH_some/samples/ips/MS033101/problems/chr3:60000-66170270,10.430269241333008
