sequenceID,llda
H3K27me3_TDH_some/samples/brain/CEMT0022.gDNA/problems/chr14:19050000-107289540,12.09662914276123
H3K27me3_TDH_some/samples/brain/CEMT0022.gDNA/problems/chr4:75452279-190000000,12.029496192932129
H3K27me3_TDH_some/samples/brain/CEMT0023.gDNA/problems/chr10:18024675-38818835,9.605563163757324
H3K27me3_TDH_some/samples/brain/CEMT0023.gDNA/problems/chr4:75452279-190000000,10.528579711914062
H3K27me3_TDH_some/samples/brain/CEMT0023.gDNA/problems/chr5:49600000-91636128,10.856010437011719
H3K27me3_TDH_some/samples/hematopoietic/CEMT0031.gDNA/problems/chr10:18024675-38818835,11.908945083618164
H3K27me3_TDH_some/samples/hematopoietic/CEMT0031.gDNA/problems/chr3:60000-66170270,12.06965446472168
H3K27me3_TDH_some/samples/hematopoietic/CEMT0031.gDNA/problems/chr3:93504854-194041961,11.731868743896484
H3K27me3_TDH_some/samples/hematopoietic/CEMT0031.gDNA/problems/chr5:49600000-91636128,11.876199722290039
H3K27me3_TDH_some/samples/hematopoietic/CEMT0032.gDNA/problems/chr10:18024675-38818835,11.8876314163208
H3K27me3_TDH_some/samples/ips/MS032901/problems/chr3:60000-66170270,10.421550750732422
H3K27me3_TDH_some/samples/ips/MS032901/problems/chr3:93504854-194041961,11.392805099487305
H3K27me3_TDH_some/samples/ips/MS033001/problems/chr3:60000-66170270,10.421550750732422
H3K27me3_TDH_some/samples/ips/MS033001/problems/chr3:93504854-194041961,10.33473014831543
H3K27me3_TDH_some/samples/ips/MS033001/problems/chr5:49600000-91636128,10.935315132141113
H3K27me3_TDH_some/samples/ips/MS033101/problems/chr3:60000-66170270,10.38486099243164
