sequenceID,llda
H3K27me3_TDH_some/samples/brain/CEMT0022.gDNA/problems/chr14:19050000-107289540,12.342920303344727
H3K27me3_TDH_some/samples/brain/CEMT0022.gDNA/problems/chr4:75452279-190000000,12.031852722167969
H3K27me3_TDH_some/samples/brain/CEMT0023.gDNA/problems/chr10:18024675-38818835,9.590165138244629
H3K27me3_TDH_some/samples/brain/CEMT0023.gDNA/problems/chr4:75452279-190000000,10.547008514404297
H3K27me3_TDH_some/samples/brain/CEMT0023.gDNA/problems/chr5:49600000-91636128,10.93956184387207
H3K27me3_TDH_some/samples/hematopoietic/CEMT0031.gDNA/problems/chr10:18024675-38818835,11.626846313476562
H3K27me3_TDH_some/samples/hematopoietic/CEMT0031.gDNA/problems/chr3:60000-66170270,12.10107135772705
H3K27me3_TDH_some/samples/hematopoietic/CEMT0031.gDNA/problems/chr3:93504854-194041961,11.035167694091797
H3K27me3_TDH_some/samples/hematopoietic/CEMT0031.gDNA/problems/chr5:49600000-91636128,12.453142166137695
H3K27me3_TDH_some/samples/hematopoietic/CEMT0032.gDNA/problems/chr10:18024675-38818835,11.67171573638916
H3K27me3_TDH_some/samples/ips/MS032901/problems/chr3:60000-66170270,10.486525535583496
H3K27me3_TDH_some/samples/ips/MS032901/problems/chr3:93504854-194041961,11.136577606201172
H3K27me3_TDH_some/samples/ips/MS033001/problems/chr3:60000-66170270,10.48632526397705
H3K27me3_TDH_some/samples/ips/MS033001/problems/chr3:93504854-194041961,10.396784782409668
H3K27me3_TDH_some/samples/ips/MS033001/problems/chr5:49600000-91636128,11.05447006225586
H3K27me3_TDH_some/samples/ips/MS033101/problems/chr3:60000-66170270,10.296250343322754
