sequenceID,llda
H3K36me3_TDH_immune/samples/monocyte/McGill0001/problems/chr10:51448845-125869472,11.662558555603027
H3K36me3_TDH_immune/samples/monocyte/McGill0001/problems/chr11:96437584-134946516,11.635313987731934
H3K36me3_TDH_immune/samples/monocyte/McGill0001/problems/chr12:7239876-34856694,11.689406394958496
H3K36me3_TDH_immune/samples/monocyte/McGill0002/problems/chr10:18024675-38818835,12.329310417175293
H3K36me3_TDH_immune/samples/monocyte/McGill0002/problems/chr10:51448845-125869472,11.896461486816406
H3K36me3_TDH_immune/samples/monocyte/McGill0002/problems/chr12:7239876-34856694,12.003982543945312
H3K36me3_TDH_immune/samples/monocyte/McGill0079/problems/chr10:18024675-38818835,12.72085189819336
H3K36me3_TDH_immune/samples/monocyte/McGill0079/problems/chr11:96437584-134946516,11.662003517150879
H3K36me3_TDH_immune/samples/monocyte/McGill0101/problems/chr10:51448845-125869472,11.682222366333008
H3K36me3_TDH_immune/samples/monocyte/McGill0101/problems/chr12:7239876-34856694,11.911420822143555
H3K36me3_TDH_immune/samples/monocyte/McGill0104/problems/chr10:51448845-125869472,11.673425674438477
H3K36me3_TDH_immune/samples/monocyte/McGill0104/problems/chr11:96437584-134946516,11.631515502929688
H3K36me3_TDH_immune/samples/monocyte/McGill0104/problems/chr12:7239876-34856694,11.83740234375
H3K36me3_TDH_immune/samples/tcell/McGill0008/problems/chr11:96437584-134946516,11.911613464355469
H3K36me3_TDH_immune/samples/tcell/McGill0008/problems/chr12:7239876-34856694,11.91218376159668
H3K36me3_TDH_immune/samples/tcell/McGill0024/problems/chr11:96437584-134946516,11.64130687713623
H3K36me3_TDH_immune/samples/tcell/McGill0026/problems/chr11:96437584-134946516,11.53597640991211
H3K36me3_TDH_immune/samples/tcell/McGill0029/problems/chr11:96437584-134946516,11.673617362976074
H3K36me3_TDH_immune/samples/tcell/McGill0029/problems/chr12:7239876-34856694,11.759819030761719
H3K36me3_TDH_immune/samples/tcell/McGill0102/problems/chr11:96437584-134946516,11.641190528869629
