sequenceID,llda
H3K36me3_TDH_immune/samples/monocyte/McGill0001/problems/chr10:18024675-38818835,13.152549743652344
H3K36me3_TDH_immune/samples/monocyte/McGill0002/problems/chr11:96437584-134946516,11.761090278625488
H3K36me3_TDH_immune/samples/monocyte/McGill0079/problems/chr10:51448845-125869472,12.145936965942383
H3K36me3_TDH_immune/samples/monocyte/McGill0079/problems/chr12:7239876-34856694,12.477699279785156
H3K36me3_TDH_immune/samples/monocyte/McGill0101/problems/chr10:18024675-38818835,13.065862655639648
H3K36me3_TDH_immune/samples/monocyte/McGill0101/problems/chr11:96437584-134946516,11.51301383972168
H3K36me3_TDH_immune/samples/monocyte/McGill0104/problems/chr10:18024675-38818835,12.745835304260254
H3K36me3_TDH_immune/samples/tcell/McGill0008/problems/chr10:18024675-38818835,12.223989486694336
H3K36me3_TDH_immune/samples/tcell/McGill0008/problems/chr10:51448845-125869472,11.738866806030273
H3K36me3_TDH_immune/samples/tcell/McGill0026/problems/chr10:18024675-38818835,13.067756652832031
H3K36me3_TDH_immune/samples/tcell/McGill0026/problems/chr10:51448845-125869472,11.565547943115234
H3K36me3_TDH_immune/samples/tcell/McGill0026/problems/chr12:7239876-34856694,11.605525016784668
H3K36me3_TDH_immune/samples/tcell/McGill0029/problems/chr10:18024675-38818835,13.150686264038086
H3K36me3_TDH_immune/samples/tcell/McGill0029/problems/chr10:51448845-125869472,11.541391372680664
H3K36me3_TDH_immune/samples/tcell/McGill0102/problems/chr10:18024675-38818835,13.15770435333252
H3K36me3_TDH_immune/samples/tcell/McGill0102/problems/chr10:51448845-125869472,11.533110618591309
H3K36me3_TDH_immune/samples/tcell/McGill0102/problems/chr12:7239876-34856694,11.735486030578613
