dataset,num_layers,layer_size,test_fold,stop_epoch,train_loss,val_loss,test_loss,time
H3K36me3_TDH_other,3,128,1,616,0.0479506216943264,2.7046172618865967,5.475973129272461,3.4231679439544678
