dataset,num_layers,layer_size,test_fold,stop_epoch,train_loss,val_loss,test_loss,time
H3K36me3_TDH_other,2,16,2,88,8.874277114868164,0.430656373500824,6.903878211975098,1.902343511581421
