dataset,num_layers,layer_size,test_fold,stop_epoch,train_loss,val_loss,test_loss,time
H3K36me3_TDH_other,2,8,1,6127,0.04690898582339287,0.2446647435426712,4.130910396575928,12.477859020233154
