sequenceID,llda
H3K27me3_TDH_some/samples/brain/CEMT0022.gDNA/problems/chr14:19050000-107289540,10.898772239685059
H3K27me3_TDH_some/samples/brain/CEMT0022.gDNA/problems/chr4:75452279-190000000,10.89874267578125
H3K27me3_TDH_some/samples/brain/CEMT0023.gDNA/problems/chr10:18024675-38818835,10.898627281188965
H3K27me3_TDH_some/samples/brain/CEMT0023.gDNA/problems/chr4:75452279-190000000,10.89881420135498
H3K27me3_TDH_some/samples/brain/CEMT0023.gDNA/problems/chr5:49600000-91636128,10.898832321166992
H3K27me3_TDH_some/samples/hematopoietic/CEMT0031.gDNA/problems/chr10:18024675-38818835,10.898527145385742
H3K27me3_TDH_some/samples/hematopoietic/CEMT0031.gDNA/problems/chr3:60000-66170270,10.898737907409668
H3K27me3_TDH_some/samples/hematopoietic/CEMT0031.gDNA/problems/chr3:93504854-194041961,10.898731231689453
H3K27me3_TDH_some/samples/hematopoietic/CEMT0031.gDNA/problems/chr5:49600000-91636128,10.898754119873047
H3K27me3_TDH_some/samples/hematopoietic/CEMT0032.gDNA/problems/chr10:18024675-38818835,10.89870834350586
H3K27me3_TDH_some/samples/ips/MS032901/problems/chr3:60000-66170270,10.898794174194336
H3K27me3_TDH_some/samples/ips/MS032901/problems/chr3:93504854-194041961,10.898776054382324
H3K27me3_TDH_some/samples/ips/MS033001/problems/chr3:60000-66170270,10.898813247680664
H3K27me3_TDH_some/samples/ips/MS033001/problems/chr3:93504854-194041961,10.898761749267578
H3K27me3_TDH_some/samples/ips/MS033001/problems/chr5:49600000-91636128,10.898813247680664
H3K27me3_TDH_some/samples/ips/MS033101/problems/chr3:60000-66170270,10.898792266845703
