sequenceID,llda
H3K36me3_TDH_immune/samples/monocyte/McGill0001/problems/chr10:18024675-38818835,11.930179595947266
H3K36me3_TDH_immune/samples/monocyte/McGill0002/problems/chr11:96437584-134946516,11.930265426635742
H3K36me3_TDH_immune/samples/monocyte/McGill0079/problems/chr10:51448845-125869472,11.930100440979004
H3K36me3_TDH_immune/samples/monocyte/McGill0079/problems/chr12:7239876-34856694,11.930229187011719
H3K36me3_TDH_immune/samples/monocyte/McGill0101/problems/chr10:18024675-38818835,11.930208206176758
H3K36me3_TDH_immune/samples/monocyte/McGill0101/problems/chr11:96437584-134946516,11.930229187011719
H3K36me3_TDH_immune/samples/monocyte/McGill0104/problems/chr10:18024675-38818835,11.930160522460938
H3K36me3_TDH_immune/samples/tcell/McGill0008/problems/chr10:18024675-38818835,11.930182456970215
H3K36me3_TDH_immune/samples/tcell/McGill0008/problems/chr10:51448845-125869472,11.93026065826416
H3K36me3_TDH_immune/samples/tcell/McGill0026/problems/chr10:18024675-38818835,11.930198669433594
H3K36me3_TDH_immune/samples/tcell/McGill0026/problems/chr10:51448845-125869472,11.930274963378906
H3K36me3_TDH_immune/samples/tcell/McGill0026/problems/chr12:7239876-34856694,11.93025016784668
H3K36me3_TDH_immune/samples/tcell/McGill0029/problems/chr10:18024675-38818835,11.930205345153809
H3K36me3_TDH_immune/samples/tcell/McGill0029/problems/chr10:51448845-125869472,11.930266380310059
H3K36me3_TDH_immune/samples/tcell/McGill0102/problems/chr10:18024675-38818835,11.93016242980957
H3K36me3_TDH_immune/samples/tcell/McGill0102/problems/chr10:51448845-125869472,11.930268287658691
H3K36me3_TDH_immune/samples/tcell/McGill0102/problems/chr12:7239876-34856694,11.930233001708984
