dataset,num_layers,layer_size,test_fold,stop_epoch,train_loss,val_loss,test_loss,time
H3K4me3_XJ_immune,2,1,1,12250,2.557112455368042,1.8471623659133911,1.913379192352295,22.823082208633423
