dataset,num_layers,layer_size,test_fold,stop_epoch,train_loss,val_loss,test_loss,time
H3K4me3_XJ_immune,3,2,1,12161,2.5571177005767822,1.8471630811691284,1.9133728742599487,26.90767240524292
