dataset,num_layers,layer_size,test_fold,stop_epoch,train_loss,val_loss,test_loss,time
H3K4me3_XJ_immune,1,16,2,1581,1.846508502960205,2.456395149230957,2.8752124309539795,4.290133237838745
