dataset,num_layers,layer_size,test_fold,stop_epoch,train_loss,val_loss,test_loss,time
H3K4me3_XJ_immune,2,8,2,1226,1.750921368598938,2.2727839946746826,2.7301511764526367,4.142439365386963
