dataset,num_layers,layer_size,test_fold,stop_epoch,train_loss,val_loss,test_loss,time
H3K4me3_XJ_immune,2,256,2,423,1.2652989625930786,1.4337918758392334,2.213801145553589,3.5094785690307617
