dataset,num_layers,layer_size,test_fold,stop_epoch,train_loss,val_loss,test_loss,time
H3K4me3_XJ_immune,2,512,1,303,1.219810128211975,1.6083377599716187,1.9136230945587158,4.747586011886597
