dataset,num_layers,layer_size,test_fold,stop_epoch,train_loss,val_loss,test_loss,time
H3K4me3_XJ_immune,1,4,2,11995,1.979600429534912,1.7237684726715088,2.487457275390625,20.778721809387207
