dataset,num_layers,layer_size,test_fold,stop_epoch,train_loss,val_loss,test_loss,time
H3K4me3_XJ_immune,1,512,1,958,1.1973040103912354,1.550729513168335,2.0105106830596924,4.313092947006226
