dataset,num_layers,layer_size,test_fold,stop_epoch,train_loss,val_loss,test_loss,time
H3K4me3_XJ_immune,3,32,1,1215,1.2474576234817505,1.5663418769836426,2.02425479888916,4.636307239532471
