dataset,num_layers,layer_size,test_fold,stop_epoch,train_loss,val_loss,test_loss,time
H3K4me3_XJ_immune,1,16,1,421,3.1498706340789795,3.517362594604492,3.550738573074341,2.478297472000122
