dataset,num_layers,layer_size,test_fold,stop_epoch,train_loss,val_loss,test_loss,time
H3K4me3_XJ_immune,1,1,2,3703,1.776337742805481,2.2938473224639893,2.741760015487671,7.198687791824341
