sequenceID,llda
H3K36me3_TDH_immune/samples/monocyte/McGill0001/problems/chr10:51448845-125869472,11.927943229675293
H3K36me3_TDH_immune/samples/monocyte/McGill0001/problems/chr11:96437584-134946516,11.738899230957031
H3K36me3_TDH_immune/samples/monocyte/McGill0001/problems/chr12:7239876-34856694,11.626413345336914
H3K36me3_TDH_immune/samples/monocyte/McGill0002/problems/chr10:18024675-38818835,12.47149658203125
H3K36me3_TDH_immune/samples/monocyte/McGill0002/problems/chr10:51448845-125869472,13.234753608703613
H3K36me3_TDH_immune/samples/monocyte/McGill0002/problems/chr12:7239876-34856694,11.930164337158203
H3K36me3_TDH_immune/samples/monocyte/McGill0079/problems/chr10:18024675-38818835,12.66481876373291
H3K36me3_TDH_immune/samples/monocyte/McGill0079/problems/chr11:96437584-134946516,11.749422073364258
H3K36me3_TDH_immune/samples/monocyte/McGill0101/problems/chr10:51448845-125869472,12.03725814819336
H3K36me3_TDH_immune/samples/monocyte/McGill0101/problems/chr12:7239876-34856694,12.191264152526855
H3K36me3_TDH_immune/samples/monocyte/McGill0104/problems/chr10:51448845-125869472,12.471905708312988
H3K36me3_TDH_immune/samples/monocyte/McGill0104/problems/chr11:96437584-134946516,11.23360824584961
H3K36me3_TDH_immune/samples/monocyte/McGill0104/problems/chr12:7239876-34856694,11.81693172454834
H3K36me3_TDH_immune/samples/tcell/McGill0008/problems/chr11:96437584-134946516,11.63882064819336
H3K36me3_TDH_immune/samples/tcell/McGill0008/problems/chr12:7239876-34856694,11.853670120239258
H3K36me3_TDH_immune/samples/tcell/McGill0024/problems/chr11:96437584-134946516,11.415288925170898
H3K36me3_TDH_immune/samples/tcell/McGill0026/problems/chr11:96437584-134946516,11.212849617004395
H3K36me3_TDH_immune/samples/tcell/McGill0029/problems/chr11:96437584-134946516,11.96945858001709
H3K36me3_TDH_immune/samples/tcell/McGill0029/problems/chr12:7239876-34856694,11.961952209472656
H3K36me3_TDH_immune/samples/tcell/McGill0102/problems/chr11:96437584-134946516,11.51749324798584
