sequenceID,llda
H3K36me3_TDH_immune/samples/monocyte/McGill0001/problems/chr10:51448845-125869472,12.153038024902344
H3K36me3_TDH_immune/samples/monocyte/McGill0001/problems/chr11:96437584-134946516,11.89261245727539
H3K36me3_TDH_immune/samples/monocyte/McGill0001/problems/chr12:7239876-34856694,12.35283374786377
H3K36me3_TDH_immune/samples/monocyte/McGill0002/problems/chr10:18024675-38818835,12.75971794128418
H3K36me3_TDH_immune/samples/monocyte/McGill0002/problems/chr10:51448845-125869472,12.409292221069336
H3K36me3_TDH_immune/samples/monocyte/McGill0002/problems/chr12:7239876-34856694,12.609712600708008
H3K36me3_TDH_immune/samples/monocyte/McGill0079/problems/chr10:18024675-38818835,12.69992446899414
H3K36me3_TDH_immune/samples/monocyte/McGill0079/problems/chr11:96437584-134946516,12.17246150970459
H3K36me3_TDH_immune/samples/monocyte/McGill0101/problems/chr10:51448845-125869472,12.648886680603027
H3K36me3_TDH_immune/samples/monocyte/McGill0101/problems/chr12:7239876-34856694,12.823285102844238
H3K36me3_TDH_immune/samples/monocyte/McGill0104/problems/chr10:51448845-125869472,11.898567199707031
H3K36me3_TDH_immune/samples/monocyte/McGill0104/problems/chr11:96437584-134946516,11.602710723876953
H3K36me3_TDH_immune/samples/monocyte/McGill0104/problems/chr12:7239876-34856694,12.729634284973145
H3K36me3_TDH_immune/samples/tcell/McGill0008/problems/chr11:96437584-134946516,11.559154510498047
H3K36me3_TDH_immune/samples/tcell/McGill0008/problems/chr12:7239876-34856694,12.321784973144531
H3K36me3_TDH_immune/samples/tcell/McGill0024/problems/chr11:96437584-134946516,12.029131889343262
H3K36me3_TDH_immune/samples/tcell/McGill0026/problems/chr11:96437584-134946516,11.30805492401123
H3K36me3_TDH_immune/samples/tcell/McGill0029/problems/chr11:96437584-134946516,12.605947494506836
H3K36me3_TDH_immune/samples/tcell/McGill0029/problems/chr12:7239876-34856694,12.805061340332031
H3K36me3_TDH_immune/samples/tcell/McGill0102/problems/chr11:96437584-134946516,11.55184555053711
