sequenceID,llda
H3K36me3_TDH_other/samples/kidney/McGill0023/problems/chr14:19050000-107289540,11.114748001098633
H3K36me3_TDH_other/samples/kidney/McGill0023/problems/chr15:29209443-77800000,11.114296913146973
H3K36me3_TDH_other/samples/kidneyCancer/McGill0022/problems/chr14:19050000-107289540,11.114892959594727
H3K36me3_TDH_other/samples/kidneyCancer/McGill0022/problems/chr16:60000-8636921,11.114877700805664
H3K36me3_TDH_other/samples/kidneyCancer/McGill0022/problems/chr21:43005559-44632664,11.114538192749023
H3K36me3_TDH_other/samples/skeletalMuscleCtrl/McGill0036/problems/chr16:60000-8636921,11.114763259887695
H3K36me3_TDH_other/samples/skeletalMuscleCtrl/McGill0036/problems/chr21:43005559-44632664,11.114875793457031
H3K36me3_TDH_other/samples/skeletalMuscleCtrl/McGill0037/problems/chr15:29209443-77800000,11.114192962646484
H3K36me3_TDH_other/samples/skeletalMuscleCtrl/McGill0037/problems/chr16:60000-8636921,11.114764213562012
H3K36me3_TDH_other/samples/skeletalMuscleCtrl/McGill0037/problems/chr16:8686921-32000000,11.114884376525879
H3K36me3_TDH_other/samples/skeletalMuscleMD/McGill0012/problems/chr14:19050000-107289540,11.114892959594727
H3K36me3_TDH_other/samples/skeletalMuscleMD/McGill0012/problems/chr15:29209443-77800000,11.11462688446045
H3K36me3_TDH_other/samples/skeletalMuscleMD/McGill0012/problems/chr16:60000-8636921,11.114893913269043
H3K36me3_TDH_other/samples/skeletalMuscleMD/McGill0012/problems/chr16:8686921-32000000,11.114770889282227
H3K36me3_TDH_other/samples/skeletalMuscleMD/McGill0013/problems/chr16:8686921-32000000,11.114768028259277
H3K36me3_TDH_other/samples/skeletalMuscleMD/McGill0013/problems/chr21:43005559-44632664,11.114749908447266
H3K36me3_TDH_other/samples/skeletalMuscleMD/McGill0016/problems/chr14:19050000-107289540,11.114883422851562
H3K36me3_TDH_other/samples/skeletalMuscleMD/McGill0016/problems/chr15:29209443-77800000,11.113569259643555
H3K36me3_TDH_other/samples/skeletalMuscleMD/McGill0016/problems/chr16:8686921-32000000,11.114760398864746
H3K36me3_TDH_other/samples/skeletalMuscleMD/McGill0016/problems/chr21:43005559-44632664,11.114752769470215
