sequenceID,llda
H3K27me3_TDH_some/samples/brain/CEMT0022.gDNA/problems/chr14:19050000-107289540,12.171985626220703
H3K27me3_TDH_some/samples/brain/CEMT0022.gDNA/problems/chr4:75452279-190000000,12.070140838623047
H3K27me3_TDH_some/samples/brain/CEMT0023.gDNA/problems/chr10:18024675-38818835,9.93311882019043
H3K27me3_TDH_some/samples/brain/CEMT0023.gDNA/problems/chr4:75452279-190000000,10.362607955932617
H3K27me3_TDH_some/samples/brain/CEMT0023.gDNA/problems/chr5:49600000-91636128,10.136180877685547
H3K27me3_TDH_some/samples/hematopoietic/CEMT0031.gDNA/problems/chr10:18024675-38818835,11.883155822753906
H3K27me3_TDH_some/samples/hematopoietic/CEMT0031.gDNA/problems/chr3:60000-66170270,12.02403450012207
H3K27me3_TDH_some/samples/hematopoietic/CEMT0031.gDNA/problems/chr3:93504854-194041961,11.986427307128906
H3K27me3_TDH_some/samples/hematopoietic/CEMT0031.gDNA/problems/chr5:49600000-91636128,11.861818313598633
H3K27me3_TDH_some/samples/hematopoietic/CEMT0032.gDNA/problems/chr10:18024675-38818835,12.014772415161133
H3K27me3_TDH_some/samples/ips/MS032901/problems/chr3:60000-66170270,10.629928588867188
H3K27me3_TDH_some/samples/ips/MS032901/problems/chr3:93504854-194041961,10.70545768737793
H3K27me3_TDH_some/samples/ips/MS033001/problems/chr3:60000-66170270,10.65298080444336
H3K27me3_TDH_some/samples/ips/MS033001/problems/chr3:93504854-194041961,10.581693649291992
H3K27me3_TDH_some/samples/ips/MS033001/problems/chr5:49600000-91636128,10.607128143310547
H3K27me3_TDH_some/samples/ips/MS033101/problems/chr3:60000-66170270,11.083358764648438
