sequenceID,llda
H3K27me3_TDH_some/samples/brain/CEMT0022.gDNA/problems/chr14:19050000-107289540,13.114108085632324
H3K27me3_TDH_some/samples/brain/CEMT0022.gDNA/problems/chr4:75452279-190000000,11.529181480407715
H3K27me3_TDH_some/samples/brain/CEMT0023.gDNA/problems/chr10:18024675-38818835,10.404582023620605
H3K27me3_TDH_some/samples/brain/CEMT0023.gDNA/problems/chr4:75452279-190000000,10.381558418273926
H3K27me3_TDH_some/samples/brain/CEMT0023.gDNA/problems/chr5:49600000-91636128,10.036087036132812
H3K27me3_TDH_some/samples/hematopoietic/CEMT0031.gDNA/problems/chr10:18024675-38818835,10.41043758392334
H3K27me3_TDH_some/samples/hematopoietic/CEMT0031.gDNA/problems/chr3:60000-66170270,9.989460945129395
H3K27me3_TDH_some/samples/hematopoietic/CEMT0031.gDNA/problems/chr3:93504854-194041961,11.3364839553833
H3K27me3_TDH_some/samples/hematopoietic/CEMT0031.gDNA/problems/chr5:49600000-91636128,13.777009963989258
H3K27me3_TDH_some/samples/hematopoietic/CEMT0032.gDNA/problems/chr10:18024675-38818835,12.125964164733887
H3K27me3_TDH_some/samples/ips/MS032901/problems/chr3:60000-66170270,10.687091827392578
H3K27me3_TDH_some/samples/ips/MS032901/problems/chr3:93504854-194041961,12.068358421325684
H3K27me3_TDH_some/samples/ips/MS033001/problems/chr3:60000-66170270,10.40163516998291
H3K27me3_TDH_some/samples/ips/MS033001/problems/chr3:93504854-194041961,11.5726318359375
H3K27me3_TDH_some/samples/ips/MS033001/problems/chr5:49600000-91636128,10.168853759765625
H3K27me3_TDH_some/samples/ips/MS033101/problems/chr3:60000-66170270,10.503883361816406
