sequenceID,llda
H3K36me3_TDH_immune/samples/monocyte/McGill0001/problems/chr10:18024675-38818835,12.297877311706543
H3K36me3_TDH_immune/samples/monocyte/McGill0002/problems/chr11:96437584-134946516,11.629897117614746
H3K36me3_TDH_immune/samples/monocyte/McGill0079/problems/chr10:51448845-125869472,12.076414108276367
H3K36me3_TDH_immune/samples/monocyte/McGill0079/problems/chr12:7239876-34856694,11.284584999084473
H3K36me3_TDH_immune/samples/monocyte/McGill0101/problems/chr10:18024675-38818835,11.596831321716309
H3K36me3_TDH_immune/samples/monocyte/McGill0101/problems/chr11:96437584-134946516,11.616292953491211
H3K36me3_TDH_immune/samples/monocyte/McGill0104/problems/chr10:18024675-38818835,12.1044340133667
H3K36me3_TDH_immune/samples/tcell/McGill0008/problems/chr10:18024675-38818835,11.253687858581543
H3K36me3_TDH_immune/samples/tcell/McGill0008/problems/chr10:51448845-125869472,12.250893592834473
H3K36me3_TDH_immune/samples/tcell/McGill0026/problems/chr10:18024675-38818835,10.915983200073242
H3K36me3_TDH_immune/samples/tcell/McGill0026/problems/chr10:51448845-125869472,12.484918594360352
H3K36me3_TDH_immune/samples/tcell/McGill0026/problems/chr12:7239876-34856694,10.832931518554688
H3K36me3_TDH_immune/samples/tcell/McGill0029/problems/chr10:18024675-38818835,11.830534934997559
H3K36me3_TDH_immune/samples/tcell/McGill0029/problems/chr10:51448845-125869472,11.826595306396484
H3K36me3_TDH_immune/samples/tcell/McGill0102/problems/chr10:18024675-38818835,12.553826332092285
H3K36me3_TDH_immune/samples/tcell/McGill0102/problems/chr10:51448845-125869472,12.035982131958008
H3K36me3_TDH_immune/samples/tcell/McGill0102/problems/chr12:7239876-34856694,10.927886962890625
