sequenceID,llda
H3K36me3_TDH_immune/samples/monocyte/McGill0001/problems/chr10:18024675-38818835,12.70736026763916
H3K36me3_TDH_immune/samples/monocyte/McGill0002/problems/chr11:96437584-134946516,13.60319709777832
H3K36me3_TDH_immune/samples/monocyte/McGill0079/problems/chr10:51448845-125869472,11.154885292053223
H3K36me3_TDH_immune/samples/monocyte/McGill0079/problems/chr12:7239876-34856694,10.518997192382812
H3K36me3_TDH_immune/samples/monocyte/McGill0101/problems/chr10:18024675-38818835,12.018386840820312
H3K36me3_TDH_immune/samples/monocyte/McGill0101/problems/chr11:96437584-134946516,13.871687889099121
H3K36me3_TDH_immune/samples/monocyte/McGill0104/problems/chr10:18024675-38818835,11.875332832336426
H3K36me3_TDH_immune/samples/tcell/McGill0008/problems/chr10:18024675-38818835,10.586873054504395
H3K36me3_TDH_immune/samples/tcell/McGill0008/problems/chr10:51448845-125869472,12.183167457580566
H3K36me3_TDH_immune/samples/tcell/McGill0026/problems/chr10:18024675-38818835,9.617194175720215
H3K36me3_TDH_immune/samples/tcell/McGill0026/problems/chr10:51448845-125869472,12.099895477294922
H3K36me3_TDH_immune/samples/tcell/McGill0026/problems/chr12:7239876-34856694,11.635828971862793
H3K36me3_TDH_immune/samples/tcell/McGill0029/problems/chr10:18024675-38818835,11.50501823425293
H3K36me3_TDH_immune/samples/tcell/McGill0029/problems/chr10:51448845-125869472,12.58053207397461
H3K36me3_TDH_immune/samples/tcell/McGill0102/problems/chr10:18024675-38818835,12.167153358459473
H3K36me3_TDH_immune/samples/tcell/McGill0102/problems/chr10:51448845-125869472,12.225398063659668
H3K36me3_TDH_immune/samples/tcell/McGill0102/problems/chr12:7239876-34856694,10.861248016357422
