dataset,num_layers,layer_size,test_fold,stop_epoch,train_loss,val_loss,test_loss,time
H3K27me3_RL_cancer,1,16,1,1528,4.682897567749023,10.164322853088379,5.798343658447266,4.200904130935669
