dataset,num_layers,layer_size,test_fold,stop_epoch,train_loss,val_loss,test_loss,time
H3K27me3_RL_cancer,2,256,1,247,1.6796038150787354,6.8414411544799805,4.060554504394531,2.3429999351501465
