dataset,num_layers,layer_size,test_fold,stop_epoch,train_loss,val_loss,test_loss,time
H3K27me3_RL_cancer,3,4,2,1655,3.249115467071533,0.5938146114349365,3.531921863555908,5.241657972335815
