dataset,num_layers,layer_size,test_fold,stop_epoch,train_loss,val_loss,test_loss,time
H3K27me3_RL_cancer,3,2,1,21911,3.372905969619751,4.258967876434326,2.759559154510498,47.23048377037048
