dataset,num_layers,layer_size,test_fold,stop_epoch,train_loss,val_loss,test_loss,time
H3K27me3_RL_cancer,3,32,1,429,2.7147631645202637,8.11528205871582,3.8057732582092285,2.837184190750122
