sequenceID,llda
H3K36me3_TDH_immune/samples/monocyte/McGill0001/problems/chr10:51448845-125869472,12.292119026184082
H3K36me3_TDH_immune/samples/monocyte/McGill0001/problems/chr11:96437584-134946516,11.806913375854492
H3K36me3_TDH_immune/samples/monocyte/McGill0001/problems/chr12:7239876-34856694,11.989140510559082
H3K36me3_TDH_immune/samples/monocyte/McGill0002/problems/chr10:18024675-38818835,13.005532264709473
H3K36me3_TDH_immune/samples/monocyte/McGill0002/problems/chr10:51448845-125869472,12.15113353729248
H3K36me3_TDH_immune/samples/monocyte/McGill0002/problems/chr12:7239876-34856694,11.1961669921875
H3K36me3_TDH_immune/samples/monocyte/McGill0079/problems/chr10:18024675-38818835,12.617630004882812
H3K36me3_TDH_immune/samples/monocyte/McGill0079/problems/chr11:96437584-134946516,13.150273323059082
H3K36me3_TDH_immune/samples/monocyte/McGill0101/problems/chr10:51448845-125869472,12.467109680175781
H3K36me3_TDH_immune/samples/monocyte/McGill0101/problems/chr12:7239876-34856694,12.664373397827148
H3K36me3_TDH_immune/samples/monocyte/McGill0104/problems/chr10:51448845-125869472,12.249293327331543
H3K36me3_TDH_immune/samples/monocyte/McGill0104/problems/chr11:96437584-134946516,12.990517616271973
H3K36me3_TDH_immune/samples/monocyte/McGill0104/problems/chr12:7239876-34856694,12.243216514587402
H3K36me3_TDH_immune/samples/tcell/McGill0008/problems/chr11:96437584-134946516,11.822720527648926
H3K36me3_TDH_immune/samples/tcell/McGill0008/problems/chr12:7239876-34856694,12.250303268432617
H3K36me3_TDH_immune/samples/tcell/McGill0024/problems/chr11:96437584-134946516,12.208342552185059
H3K36me3_TDH_immune/samples/tcell/McGill0026/problems/chr11:96437584-134946516,12.044252395629883
H3K36me3_TDH_immune/samples/tcell/McGill0029/problems/chr11:96437584-134946516,12.758352279663086
H3K36me3_TDH_immune/samples/tcell/McGill0029/problems/chr12:7239876-34856694,12.241073608398438
H3K36me3_TDH_immune/samples/tcell/McGill0102/problems/chr11:96437584-134946516,11.937868118286133
