sequenceID,llda
H3K36me3_TDH_immune/samples/monocyte/McGill0001/problems/chr10:18024675-38818835,12.165741920471191
H3K36me3_TDH_immune/samples/monocyte/McGill0002/problems/chr11:96437584-134946516,12.35833740234375
H3K36me3_TDH_immune/samples/monocyte/McGill0079/problems/chr10:51448845-125869472,13.31585693359375
H3K36me3_TDH_immune/samples/monocyte/McGill0079/problems/chr12:7239876-34856694,10.906203269958496
H3K36me3_TDH_immune/samples/monocyte/McGill0101/problems/chr10:18024675-38818835,12.897335052490234
H3K36me3_TDH_immune/samples/monocyte/McGill0101/problems/chr11:96437584-134946516,11.91796588897705
H3K36me3_TDH_immune/samples/monocyte/McGill0104/problems/chr10:18024675-38818835,12.438924789428711
H3K36me3_TDH_immune/samples/tcell/McGill0008/problems/chr10:18024675-38818835,12.127341270446777
H3K36me3_TDH_immune/samples/tcell/McGill0008/problems/chr10:51448845-125869472,11.757515907287598
H3K36me3_TDH_immune/samples/tcell/McGill0026/problems/chr10:18024675-38818835,12.232282638549805
H3K36me3_TDH_immune/samples/tcell/McGill0026/problems/chr10:51448845-125869472,11.98428726196289
H3K36me3_TDH_immune/samples/tcell/McGill0026/problems/chr12:7239876-34856694,11.489982604980469
H3K36me3_TDH_immune/samples/tcell/McGill0029/problems/chr10:18024675-38818835,12.122483253479004
H3K36me3_TDH_immune/samples/tcell/McGill0029/problems/chr10:51448845-125869472,11.483325958251953
H3K36me3_TDH_immune/samples/tcell/McGill0102/problems/chr10:18024675-38818835,12.009613990783691
H3K36me3_TDH_immune/samples/tcell/McGill0102/problems/chr10:51448845-125869472,11.552496910095215
H3K36me3_TDH_immune/samples/tcell/McGill0102/problems/chr12:7239876-34856694,11.138736724853516
