method,fold,acc
mlp,1,77.04918032786885
mlp,2,81.36645962732919
mmit,1,74.75409836065575
mmit,2,78.26086956521739
linear_L1reg,1,80.65573770491802
linear_L1reg,2,79.8136645962733
AFT_XGboost,1,71.14754098360656
AFT_XGboost,2,72.98136645962732
lstm,1,77.04918032786885
lstm,2,83.22981366459628
rnn,1,78.36065573770492
rnn,2,78.16455696202532
