method,fold,acc
mlp,1,94.28571428571428
mlp,2,82.96296296296296
mmit,1,87.85714285714286
mmit,2,87.4074074074074
linear_L1reg,1,80.0
linear_L1reg,2,95.55555555555556
AFT_XGboost,1,92.85714285714286
AFT_XGboost,2,87.4074074074074
lstm,1,94.28571428571428
lstm,2,97.03703703703704
rnn,1,92.85714285714286
rnn,2,89.62962962962962
