method,fold,acc
mlp,1,88.32684824902724
mlp,2,90.52890528905289
mmit,1,85.473411154345
mmit,2,88.56088560885608
linear_L1reg,1,87.4189364461738
linear_L1reg,2,90.7749077490775
AFT_XGboost,1,86.38132295719845
AFT_XGboost,2,84.00984009840099
lstm,1,87.80804150453956
lstm,2,89.0528905289053
rnn,1,88.0674448767834
rnn,2,88.56088560885608
