method,fold,acc
mlp,1,72.07520891364902
mlp,2,72.7112676056338
mmit,1,65.3899721448468
mmit,2,70.12910798122066
linear_L1reg,1,69.63788300835655
linear_L1reg,2,73.94366197183099
AFT_XGboost,1,69.22005571030641
AFT_XGboost,2,71.0093896713615
lstm-square,1,71.10027855153204
lstm-square,2,73.76760563380282
rnn-square,1,68.59331476323119
rnn-square,2,72.76995305164318
constant,1,56.19777158774373
constant,2,63.262910798122064
gru-square,1,73.67688022284122
gru-square,2,73.41549295774648
