method,fold,acc
mlp,1,82.20338983050848
mlp,2,86.18421052631578
mmit,1,86.01694915254238
mmit,2,85.85526315789474
linear_L1reg,1,83.05084745762711
linear_L1reg,2,85.52631578947368
AFT_XGboost,1,74.57627118644068
AFT_XGboost,2,84.21052631578947
lstm-square,1,83.89830508474576
lstm-square,2,86.18421052631578
rnn-square,1,85.1528384279476
rnn-square,2,87.17105263157895
constant,1,47.88135593220339
constant,2,50.0
gru-square,1,84.32203389830508
gru-square,2,87.82894736842105
