dataset,num_layers,layer_size,test_fold,stop_epoch,train_loss,val_loss,test_loss,time
H3K27ac_TDH_some,3,512,1,143,1.2956373691558838,0.6011878252029419,6.016169548034668,4.127889156341553
