dataset,num_layers,layer_size,test_fold,stop_epoch,train_loss,val_loss,test_loss,time
H3K27ac_TDH_some,1,64,1,1332,2.1082520484924316,0.9561805725097656,8.033196449279785,3.746372699737549
