dataset,num_layers,layer_size,test_fold,stop_epoch,train_loss,val_loss,test_loss,time
H3K27ac_TDH_some,1,4,2,16128,6.0741682052612305,0.7032185792922974,3.6620750427246094,26.01250195503235
