dataset,num_layers,layer_size,test_fold,stop_epoch,train_loss,val_loss,test_loss,time
H3K27ac_TDH_some,3,128,2,211,1.8944811820983887,1.363111972808838,5.478824615478516,2.432288885116577
