dataset,num_layers,layer_size,test_fold,stop_epoch,train_loss,val_loss,test_loss,time
H3K27ac_TDH_some,2,64,2,342,2.369412422180176,1.6997400522232056,5.780735492706299,2.34311842918396
