sequenceID,llda
H3K27me3_TDH_some/samples/brain/CEMT0022.gDNA/problems/chr14:19050000-107289540,11.159692764282227
H3K27me3_TDH_some/samples/brain/CEMT0022.gDNA/problems/chr4:75452279-190000000,11.282853126525879
H3K27me3_TDH_some/samples/brain/CEMT0023.gDNA/problems/chr10:18024675-38818835,10.304973602294922
H3K27me3_TDH_some/samples/brain/CEMT0023.gDNA/problems/chr4:75452279-190000000,10.276469230651855
H3K27me3_TDH_some/samples/brain/CEMT0023.gDNA/problems/chr5:49600000-91636128,10.163957595825195
H3K27me3_TDH_some/samples/hematopoietic/CEMT0031.gDNA/problems/chr10:18024675-38818835,11.240865707397461
H3K27me3_TDH_some/samples/hematopoietic/CEMT0031.gDNA/problems/chr3:60000-66170270,11.375005722045898
H3K27me3_TDH_some/samples/hematopoietic/CEMT0031.gDNA/problems/chr3:93504854-194041961,11.168241500854492
H3K27me3_TDH_some/samples/hematopoietic/CEMT0031.gDNA/problems/chr5:49600000-91636128,10.925437927246094
H3K27me3_TDH_some/samples/hematopoietic/CEMT0032.gDNA/problems/chr10:18024675-38818835,11.323265075683594
H3K27me3_TDH_some/samples/ips/MS032901/problems/chr3:60000-66170270,10.290372848510742
H3K27me3_TDH_some/samples/ips/MS032901/problems/chr3:93504854-194041961,11.090470314025879
H3K27me3_TDH_some/samples/ips/MS033001/problems/chr3:60000-66170270,10.290360450744629
H3K27me3_TDH_some/samples/ips/MS033001/problems/chr3:93504854-194041961,10.70561695098877
H3K27me3_TDH_some/samples/ips/MS033001/problems/chr5:49600000-91636128,10.589458465576172
H3K27me3_TDH_some/samples/ips/MS033101/problems/chr3:60000-66170270,10.300518989562988
