sequenceID,llda
H3K36me3_TDH_immune/samples/monocyte/McGill0001/problems/chr10:18024675-38818835,12.668646812438965
H3K36me3_TDH_immune/samples/monocyte/McGill0002/problems/chr11:96437584-134946516,12.02421760559082
H3K36me3_TDH_immune/samples/monocyte/McGill0079/problems/chr10:51448845-125869472,12.035140991210938
H3K36me3_TDH_immune/samples/monocyte/McGill0079/problems/chr12:7239876-34856694,11.683309555053711
H3K36me3_TDH_immune/samples/monocyte/McGill0101/problems/chr10:18024675-38818835,11.904077529907227
H3K36me3_TDH_immune/samples/monocyte/McGill0101/problems/chr11:96437584-134946516,11.907674789428711
H3K36me3_TDH_immune/samples/monocyte/McGill0104/problems/chr10:18024675-38818835,13.170665740966797
H3K36me3_TDH_immune/samples/tcell/McGill0008/problems/chr10:18024675-38818835,12.647771835327148
H3K36me3_TDH_immune/samples/tcell/McGill0008/problems/chr10:51448845-125869472,12.022852897644043
H3K36me3_TDH_immune/samples/tcell/McGill0026/problems/chr10:18024675-38818835,12.322505950927734
H3K36me3_TDH_immune/samples/tcell/McGill0026/problems/chr10:51448845-125869472,12.71033763885498
H3K36me3_TDH_immune/samples/tcell/McGill0026/problems/chr12:7239876-34856694,12.028088569641113
H3K36me3_TDH_immune/samples/tcell/McGill0029/problems/chr10:18024675-38818835,12.656982421875
H3K36me3_TDH_immune/samples/tcell/McGill0029/problems/chr10:51448845-125869472,12.141280174255371
H3K36me3_TDH_immune/samples/tcell/McGill0102/problems/chr10:18024675-38818835,12.962325096130371
H3K36me3_TDH_immune/samples/tcell/McGill0102/problems/chr10:51448845-125869472,12.74229621887207
H3K36me3_TDH_immune/samples/tcell/McGill0102/problems/chr12:7239876-34856694,11.763284683227539
