sequenceID,llda
H3K36me3_TDH_other/samples/kidney/McGill0023/problems/chr16:60000-8636921,10.622418403625488
H3K36me3_TDH_other/samples/kidney/McGill0023/problems/chr16:8686921-32000000,10.654045104980469
H3K36me3_TDH_other/samples/kidney/McGill0023/problems/chr21:43005559-44632664,10.61660385131836
H3K36me3_TDH_other/samples/kidneyCancer/McGill0022/problems/chr15:29209443-77800000,10.29780101776123
H3K36me3_TDH_other/samples/kidneyCancer/McGill0022/problems/chr16:8686921-32000000,10.840635299682617
H3K36me3_TDH_other/samples/skeletalMuscleCtrl/McGill0019/problems/chr14:19050000-107289540,10.797307968139648
H3K36me3_TDH_other/samples/skeletalMuscleCtrl/McGill0019/problems/chr15:29209443-77800000,10.356295585632324
H3K36me3_TDH_other/samples/skeletalMuscleCtrl/McGill0019/problems/chr16:60000-8636921,11.040717124938965
H3K36me3_TDH_other/samples/skeletalMuscleCtrl/McGill0019/problems/chr16:8686921-32000000,10.806329727172852
H3K36me3_TDH_other/samples/skeletalMuscleCtrl/McGill0019/problems/chr21:43005559-44632664,10.766868591308594
H3K36me3_TDH_other/samples/skeletalMuscleCtrl/McGill0036/problems/chr14:19050000-107289540,10.511435508728027
H3K36me3_TDH_other/samples/skeletalMuscleCtrl/McGill0036/problems/chr15:29209443-77800000,10.328990936279297
H3K36me3_TDH_other/samples/skeletalMuscleCtrl/McGill0036/problems/chr16:8686921-32000000,11.1351957321167
H3K36me3_TDH_other/samples/skeletalMuscleCtrl/McGill0037/problems/chr14:19050000-107289540,10.916831016540527
H3K36me3_TDH_other/samples/skeletalMuscleCtrl/McGill0037/problems/chr21:43005559-44632664,10.801257133483887
H3K36me3_TDH_other/samples/skeletalMuscleMD/McGill0012/problems/chr21:43005559-44632664,10.921096801757812
H3K36me3_TDH_other/samples/skeletalMuscleMD/McGill0013/problems/chr14:19050000-107289540,11.080263137817383
H3K36me3_TDH_other/samples/skeletalMuscleMD/McGill0013/problems/chr15:29209443-77800000,10.300040245056152
H3K36me3_TDH_other/samples/skeletalMuscleMD/McGill0013/problems/chr16:60000-8636921,10.973610877990723
H3K36me3_TDH_other/samples/skeletalMuscleMD/McGill0016/problems/chr16:60000-8636921,11.049732208251953
