sequenceID,llda
H3K27me3_TDH_some/samples/brain/CEMT0022.gDNA/problems/chr14:19050000-107289540,11.768594741821289
H3K27me3_TDH_some/samples/brain/CEMT0022.gDNA/problems/chr4:75452279-190000000,11.7669095993042
H3K27me3_TDH_some/samples/brain/CEMT0023.gDNA/problems/chr10:18024675-38818835,10.636999130249023
H3K27me3_TDH_some/samples/brain/CEMT0023.gDNA/problems/chr4:75452279-190000000,10.842267036437988
H3K27me3_TDH_some/samples/brain/CEMT0023.gDNA/problems/chr5:49600000-91636128,10.552461624145508
H3K27me3_TDH_some/samples/hematopoietic/CEMT0031.gDNA/problems/chr10:18024675-38818835,11.76352310180664
H3K27me3_TDH_some/samples/hematopoietic/CEMT0031.gDNA/problems/chr3:60000-66170270,11.762125015258789
H3K27me3_TDH_some/samples/hematopoietic/CEMT0031.gDNA/problems/chr3:93504854-194041961,11.761505126953125
H3K27me3_TDH_some/samples/hematopoietic/CEMT0031.gDNA/problems/chr5:49600000-91636128,11.75418758392334
H3K27me3_TDH_some/samples/hematopoietic/CEMT0032.gDNA/problems/chr10:18024675-38818835,11.765296936035156
H3K27me3_TDH_some/samples/ips/MS032901/problems/chr3:60000-66170270,10.745915412902832
H3K27me3_TDH_some/samples/ips/MS032901/problems/chr3:93504854-194041961,11.476419448852539
H3K27me3_TDH_some/samples/ips/MS033001/problems/chr3:60000-66170270,10.64134407043457
H3K27me3_TDH_some/samples/ips/MS033001/problems/chr3:93504854-194041961,11.38505744934082
H3K27me3_TDH_some/samples/ips/MS033001/problems/chr5:49600000-91636128,10.580525398254395
H3K27me3_TDH_some/samples/ips/MS033101/problems/chr3:60000-66170270,10.574287414550781
