sequenceID,llda
H3K27me3_TDH_some/samples/brain/CEMT0022.gDNA/problems/chr14:19050000-107289540,11.964427947998047
H3K27me3_TDH_some/samples/brain/CEMT0022.gDNA/problems/chr4:75452279-190000000,11.879271507263184
H3K27me3_TDH_some/samples/brain/CEMT0023.gDNA/problems/chr10:18024675-38818835,10.497136116027832
H3K27me3_TDH_some/samples/brain/CEMT0023.gDNA/problems/chr4:75452279-190000000,11.177651405334473
H3K27me3_TDH_some/samples/brain/CEMT0023.gDNA/problems/chr5:49600000-91636128,10.706254005432129
H3K27me3_TDH_some/samples/hematopoietic/CEMT0031.gDNA/problems/chr10:18024675-38818835,11.863607406616211
H3K27me3_TDH_some/samples/hematopoietic/CEMT0031.gDNA/problems/chr3:60000-66170270,11.895934104919434
H3K27me3_TDH_some/samples/hematopoietic/CEMT0031.gDNA/problems/chr3:93504854-194041961,11.84570026397705
H3K27me3_TDH_some/samples/hematopoietic/CEMT0031.gDNA/problems/chr5:49600000-91636128,11.825907707214355
H3K27me3_TDH_some/samples/hematopoietic/CEMT0032.gDNA/problems/chr10:18024675-38818835,11.861804008483887
H3K27me3_TDH_some/samples/ips/MS032901/problems/chr3:60000-66170270,10.71893310546875
H3K27me3_TDH_some/samples/ips/MS032901/problems/chr3:93504854-194041961,11.181229591369629
H3K27me3_TDH_some/samples/ips/MS033001/problems/chr3:60000-66170270,10.874730110168457
H3K27me3_TDH_some/samples/ips/MS033001/problems/chr3:93504854-194041961,11.078653335571289
H3K27me3_TDH_some/samples/ips/MS033001/problems/chr5:49600000-91636128,10.530242919921875
H3K27me3_TDH_some/samples/ips/MS033101/problems/chr3:60000-66170270,11.128341674804688
