sequenceID,llda
H3K27me3_TDH_some/samples/brain/CEMT0022.gDNA/problems/chr14:19050000-107289540,11.20573616027832
H3K27me3_TDH_some/samples/brain/CEMT0022.gDNA/problems/chr4:75452279-190000000,11.205676078796387
H3K27me3_TDH_some/samples/brain/CEMT0023.gDNA/problems/chr10:18024675-38818835,11.205591201782227
H3K27me3_TDH_some/samples/brain/CEMT0023.gDNA/problems/chr4:75452279-190000000,11.205439567565918
H3K27me3_TDH_some/samples/brain/CEMT0023.gDNA/problems/chr5:49600000-91636128,11.205327987670898
H3K27me3_TDH_some/samples/hematopoietic/CEMT0031.gDNA/problems/chr10:18024675-38818835,11.205703735351562
H3K27me3_TDH_some/samples/hematopoietic/CEMT0031.gDNA/problems/chr3:60000-66170270,11.205707550048828
H3K27me3_TDH_some/samples/hematopoietic/CEMT0031.gDNA/problems/chr3:93504854-194041961,11.205684661865234
H3K27me3_TDH_some/samples/hematopoietic/CEMT0031.gDNA/problems/chr5:49600000-91636128,11.205665588378906
H3K27me3_TDH_some/samples/hematopoietic/CEMT0032.gDNA/problems/chr10:18024675-38818835,11.205574035644531
H3K27me3_TDH_some/samples/ips/MS032901/problems/chr3:60000-66170270,11.205430030822754
H3K27me3_TDH_some/samples/ips/MS032901/problems/chr3:93504854-194041961,11.205638885498047
H3K27me3_TDH_some/samples/ips/MS033001/problems/chr3:60000-66170270,11.205392837524414
H3K27me3_TDH_some/samples/ips/MS033001/problems/chr3:93504854-194041961,11.205636024475098
H3K27me3_TDH_some/samples/ips/MS033001/problems/chr5:49600000-91636128,11.20538330078125
H3K27me3_TDH_some/samples/ips/MS033101/problems/chr3:60000-66170270,11.205397605895996
