sequenceID,llda
H3K36me3_TDH_other/samples/kidney/McGill0023/problems/chr14:19050000-107289540,11.397332191467285
H3K36me3_TDH_other/samples/kidney/McGill0023/problems/chr15:29209443-77800000,10.935633659362793
H3K36me3_TDH_other/samples/kidneyCancer/McGill0022/problems/chr14:19050000-107289540,11.51866626739502
H3K36me3_TDH_other/samples/kidneyCancer/McGill0022/problems/chr16:60000-8636921,11.506804466247559
H3K36me3_TDH_other/samples/kidneyCancer/McGill0022/problems/chr21:43005559-44632664,10.83966064453125
H3K36me3_TDH_other/samples/skeletalMuscleCtrl/McGill0036/problems/chr16:60000-8636921,11.493326187133789
H3K36me3_TDH_other/samples/skeletalMuscleCtrl/McGill0036/problems/chr21:43005559-44632664,10.460660934448242
H3K36me3_TDH_other/samples/skeletalMuscleCtrl/McGill0037/problems/chr15:29209443-77800000,10.830631256103516
H3K36me3_TDH_other/samples/skeletalMuscleCtrl/McGill0037/problems/chr16:60000-8636921,11.497811317443848
H3K36me3_TDH_other/samples/skeletalMuscleCtrl/McGill0037/problems/chr16:8686921-32000000,11.447935104370117
H3K36me3_TDH_other/samples/skeletalMuscleMD/McGill0012/problems/chr14:19050000-107289540,11.525446891784668
H3K36me3_TDH_other/samples/skeletalMuscleMD/McGill0012/problems/chr15:29209443-77800000,11.286401748657227
H3K36me3_TDH_other/samples/skeletalMuscleMD/McGill0012/problems/chr16:60000-8636921,11.207120895385742
H3K36me3_TDH_other/samples/skeletalMuscleMD/McGill0012/problems/chr16:8686921-32000000,11.495142936706543
H3K36me3_TDH_other/samples/skeletalMuscleMD/McGill0013/problems/chr16:8686921-32000000,11.351669311523438
H3K36me3_TDH_other/samples/skeletalMuscleMD/McGill0013/problems/chr21:43005559-44632664,10.500255584716797
H3K36me3_TDH_other/samples/skeletalMuscleMD/McGill0016/problems/chr14:19050000-107289540,11.481758117675781
H3K36me3_TDH_other/samples/skeletalMuscleMD/McGill0016/problems/chr15:29209443-77800000,10.726600646972656
H3K36me3_TDH_other/samples/skeletalMuscleMD/McGill0016/problems/chr16:8686921-32000000,11.393756866455078
H3K36me3_TDH_other/samples/skeletalMuscleMD/McGill0016/problems/chr21:43005559-44632664,10.569165229797363
