sequenceID,llda
H3K36me3_TDH_other/samples/kidney/McGill0023/problems/chr16:60000-8636921,10.831403732299805
H3K36me3_TDH_other/samples/kidney/McGill0023/problems/chr16:8686921-32000000,10.831294059753418
H3K36me3_TDH_other/samples/kidney/McGill0023/problems/chr21:43005559-44632664,10.831087112426758
H3K36me3_TDH_other/samples/kidneyCancer/McGill0022/problems/chr15:29209443-77800000,10.825048446655273
H3K36me3_TDH_other/samples/kidneyCancer/McGill0022/problems/chr16:8686921-32000000,10.83139419555664
H3K36me3_TDH_other/samples/skeletalMuscleCtrl/McGill0019/problems/chr14:19050000-107289540,10.83177375793457
H3K36me3_TDH_other/samples/skeletalMuscleCtrl/McGill0019/problems/chr15:29209443-77800000,10.827848434448242
H3K36me3_TDH_other/samples/skeletalMuscleCtrl/McGill0019/problems/chr16:60000-8636921,10.831999778747559
H3K36me3_TDH_other/samples/skeletalMuscleCtrl/McGill0019/problems/chr16:8686921-32000000,10.8287935256958
H3K36me3_TDH_other/samples/skeletalMuscleCtrl/McGill0019/problems/chr21:43005559-44632664,10.831195831298828
H3K36me3_TDH_other/samples/skeletalMuscleCtrl/McGill0036/problems/chr14:19050000-107289540,10.830364227294922
H3K36me3_TDH_other/samples/skeletalMuscleCtrl/McGill0036/problems/chr15:29209443-77800000,10.826217651367188
H3K36me3_TDH_other/samples/skeletalMuscleCtrl/McGill0036/problems/chr16:8686921-32000000,10.831686019897461
H3K36me3_TDH_other/samples/skeletalMuscleCtrl/McGill0037/problems/chr14:19050000-107289540,10.832008361816406
H3K36me3_TDH_other/samples/skeletalMuscleCtrl/McGill0037/problems/chr21:43005559-44632664,10.831811904907227
H3K36me3_TDH_other/samples/skeletalMuscleMD/McGill0012/problems/chr21:43005559-44632664,10.831567764282227
H3K36me3_TDH_other/samples/skeletalMuscleMD/McGill0013/problems/chr14:19050000-107289540,10.832043647766113
H3K36me3_TDH_other/samples/skeletalMuscleMD/McGill0013/problems/chr15:29209443-77800000,10.826749801635742
H3K36me3_TDH_other/samples/skeletalMuscleMD/McGill0013/problems/chr16:60000-8636921,10.831993103027344
H3K36me3_TDH_other/samples/skeletalMuscleMD/McGill0016/problems/chr16:60000-8636921,10.8320951461792
