sequenceID,llda
H3K36me3_TDH_other/samples/kidney/McGill0023/problems/chr14:19050000-107289540,9.566228866577148
H3K36me3_TDH_other/samples/kidney/McGill0023/problems/chr15:29209443-77800000,10.061655044555664
H3K36me3_TDH_other/samples/kidneyCancer/McGill0022/problems/chr14:19050000-107289540,11.735782623291016
H3K36me3_TDH_other/samples/kidneyCancer/McGill0022/problems/chr16:60000-8636921,11.657665252685547
H3K36me3_TDH_other/samples/kidneyCancer/McGill0022/problems/chr21:43005559-44632664,11.112224578857422
H3K36me3_TDH_other/samples/skeletalMuscleCtrl/McGill0036/problems/chr16:60000-8636921,11.788784980773926
H3K36me3_TDH_other/samples/skeletalMuscleCtrl/McGill0036/problems/chr21:43005559-44632664,11.301412582397461
H3K36me3_TDH_other/samples/skeletalMuscleCtrl/McGill0037/problems/chr15:29209443-77800000,10.565757751464844
H3K36me3_TDH_other/samples/skeletalMuscleCtrl/McGill0037/problems/chr16:60000-8636921,11.529157638549805
H3K36me3_TDH_other/samples/skeletalMuscleCtrl/McGill0037/problems/chr16:8686921-32000000,10.705084800720215
H3K36me3_TDH_other/samples/skeletalMuscleMD/McGill0012/problems/chr14:19050000-107289540,11.651322364807129
H3K36me3_TDH_other/samples/skeletalMuscleMD/McGill0012/problems/chr15:29209443-77800000,9.905040740966797
H3K36me3_TDH_other/samples/skeletalMuscleMD/McGill0012/problems/chr16:60000-8636921,11.11324691772461
H3K36me3_TDH_other/samples/skeletalMuscleMD/McGill0012/problems/chr16:8686921-32000000,10.240379333496094
H3K36me3_TDH_other/samples/skeletalMuscleMD/McGill0013/problems/chr16:8686921-32000000,10.691307067871094
H3K36me3_TDH_other/samples/skeletalMuscleMD/McGill0013/problems/chr21:43005559-44632664,9.997064590454102
H3K36me3_TDH_other/samples/skeletalMuscleMD/McGill0016/problems/chr14:19050000-107289540,12.000153541564941
H3K36me3_TDH_other/samples/skeletalMuscleMD/McGill0016/problems/chr15:29209443-77800000,10.603080749511719
H3K36me3_TDH_other/samples/skeletalMuscleMD/McGill0016/problems/chr16:8686921-32000000,10.65800666809082
H3K36me3_TDH_other/samples/skeletalMuscleMD/McGill0016/problems/chr21:43005559-44632664,9.91370677947998
