sequenceID,llda
H3K27me3_TDH_some/samples/brain/CEMT0022.gDNA/problems/chr14:19050000-107289540,11.55525016784668
H3K27me3_TDH_some/samples/brain/CEMT0022.gDNA/problems/chr4:75452279-190000000,11.52579402923584
H3K27me3_TDH_some/samples/brain/CEMT0023.gDNA/problems/chr10:18024675-38818835,11.312246322631836
H3K27me3_TDH_some/samples/brain/CEMT0023.gDNA/problems/chr4:75452279-190000000,11.356635093688965
H3K27me3_TDH_some/samples/brain/CEMT0023.gDNA/problems/chr5:49600000-91636128,9.930076599121094
H3K27me3_TDH_some/samples/hematopoietic/CEMT0031.gDNA/problems/chr10:18024675-38818835,11.555876731872559
H3K27me3_TDH_some/samples/hematopoietic/CEMT0031.gDNA/problems/chr3:60000-66170270,11.51621150970459
H3K27me3_TDH_some/samples/hematopoietic/CEMT0031.gDNA/problems/chr3:93504854-194041961,11.490270614624023
H3K27me3_TDH_some/samples/hematopoietic/CEMT0031.gDNA/problems/chr5:49600000-91636128,11.512497901916504
H3K27me3_TDH_some/samples/hematopoietic/CEMT0032.gDNA/problems/chr10:18024675-38818835,11.496487617492676
H3K27me3_TDH_some/samples/ips/MS032901/problems/chr3:60000-66170270,11.369515419006348
H3K27me3_TDH_some/samples/ips/MS032901/problems/chr3:93504854-194041961,11.491514205932617
H3K27me3_TDH_some/samples/ips/MS033001/problems/chr3:60000-66170270,10.639029502868652
H3K27me3_TDH_some/samples/ips/MS033001/problems/chr3:93504854-194041961,11.48009967803955
H3K27me3_TDH_some/samples/ips/MS033001/problems/chr5:49600000-91636128,10.966629981994629
H3K27me3_TDH_some/samples/ips/MS033101/problems/chr3:60000-66170270,10.897147178649902
