sequenceID,llda
H3K27me3_TDH_some/samples/brain/CEMT0022.gDNA/problems/chr14:19050000-107289540,10.916248321533203
H3K27me3_TDH_some/samples/brain/CEMT0022.gDNA/problems/chr4:75452279-190000000,10.916297912597656
H3K27me3_TDH_some/samples/brain/CEMT0023.gDNA/problems/chr10:18024675-38818835,10.91623306274414
H3K27me3_TDH_some/samples/brain/CEMT0023.gDNA/problems/chr4:75452279-190000000,10.915958404541016
H3K27me3_TDH_some/samples/brain/CEMT0023.gDNA/problems/chr5:49600000-91636128,10.915960311889648
H3K27me3_TDH_some/samples/hematopoietic/CEMT0031.gDNA/problems/chr10:18024675-38818835,10.916086196899414
H3K27me3_TDH_some/samples/hematopoietic/CEMT0031.gDNA/problems/chr3:60000-66170270,10.916300773620605
H3K27me3_TDH_some/samples/hematopoietic/CEMT0031.gDNA/problems/chr3:93504854-194041961,10.916313171386719
H3K27me3_TDH_some/samples/hematopoietic/CEMT0031.gDNA/problems/chr5:49600000-91636128,10.916312217712402
H3K27me3_TDH_some/samples/hematopoietic/CEMT0032.gDNA/problems/chr10:18024675-38818835,10.916293144226074
H3K27me3_TDH_some/samples/ips/MS032901/problems/chr3:60000-66170270,10.916010856628418
H3K27me3_TDH_some/samples/ips/MS032901/problems/chr3:93504854-194041961,10.916267395019531
H3K27me3_TDH_some/samples/ips/MS033001/problems/chr3:60000-66170270,10.915966033935547
H3K27me3_TDH_some/samples/ips/MS033001/problems/chr3:93504854-194041961,10.916299819946289
H3K27me3_TDH_some/samples/ips/MS033001/problems/chr5:49600000-91636128,10.915901184082031
H3K27me3_TDH_some/samples/ips/MS033101/problems/chr3:60000-66170270,10.915973663330078
