sequenceID,llda
H3K27me3_TDH_some/samples/brain/CEMT0022.gDNA/problems/chr14:19050000-107289540,10.903100967407227
H3K27me3_TDH_some/samples/brain/CEMT0022.gDNA/problems/chr4:75452279-190000000,10.903285026550293
H3K27me3_TDH_some/samples/brain/CEMT0023.gDNA/problems/chr10:18024675-38818835,10.903117179870605
H3K27me3_TDH_some/samples/brain/CEMT0023.gDNA/problems/chr4:75452279-190000000,10.903382301330566
H3K27me3_TDH_some/samples/brain/CEMT0023.gDNA/problems/chr5:49600000-91636128,10.90338134765625
H3K27me3_TDH_some/samples/hematopoietic/CEMT0031.gDNA/problems/chr10:18024675-38818835,10.90291690826416
H3K27me3_TDH_some/samples/hematopoietic/CEMT0031.gDNA/problems/chr3:60000-66170270,10.903265953063965
H3K27me3_TDH_some/samples/hematopoietic/CEMT0031.gDNA/problems/chr3:93504854-194041961,10.903227806091309
H3K27me3_TDH_some/samples/hematopoietic/CEMT0031.gDNA/problems/chr5:49600000-91636128,10.90322208404541
H3K27me3_TDH_some/samples/hematopoietic/CEMT0032.gDNA/problems/chr10:18024675-38818835,10.90329360961914
H3K27me3_TDH_some/samples/ips/MS032901/problems/chr3:60000-66170270,10.903379440307617
H3K27me3_TDH_some/samples/ips/MS032901/problems/chr3:93504854-194041961,10.903316497802734
H3K27me3_TDH_some/samples/ips/MS033001/problems/chr3:60000-66170270,10.903382301330566
H3K27me3_TDH_some/samples/ips/MS033001/problems/chr3:93504854-194041961,10.903267860412598
H3K27me3_TDH_some/samples/ips/MS033001/problems/chr5:49600000-91636128,10.903383255004883
H3K27me3_TDH_some/samples/ips/MS033101/problems/chr3:60000-66170270,10.90338134765625
