sequenceID,llda
H3K27me3_TDH_some/samples/brain/CEMT0022.gDNA/problems/chr14:19050000-107289540,11.7164945602417
H3K27me3_TDH_some/samples/brain/CEMT0022.gDNA/problems/chr4:75452279-190000000,11.706982612609863
H3K27me3_TDH_some/samples/brain/CEMT0023.gDNA/problems/chr10:18024675-38818835,11.416790962219238
H3K27me3_TDH_some/samples/brain/CEMT0023.gDNA/problems/chr4:75452279-190000000,11.01233196258545
H3K27me3_TDH_some/samples/brain/CEMT0023.gDNA/problems/chr5:49600000-91636128,10.61948013305664
H3K27me3_TDH_some/samples/hematopoietic/CEMT0031.gDNA/problems/chr10:18024675-38818835,11.7190580368042
H3K27me3_TDH_some/samples/hematopoietic/CEMT0031.gDNA/problems/chr3:60000-66170270,11.714176177978516
H3K27me3_TDH_some/samples/hematopoietic/CEMT0031.gDNA/problems/chr3:93504854-194041961,11.704386711120605
H3K27me3_TDH_some/samples/hematopoietic/CEMT0031.gDNA/problems/chr5:49600000-91636128,11.704861640930176
H3K27me3_TDH_some/samples/hematopoietic/CEMT0032.gDNA/problems/chr10:18024675-38818835,11.697477340698242
H3K27me3_TDH_some/samples/ips/MS032901/problems/chr3:60000-66170270,10.678671836853027
H3K27me3_TDH_some/samples/ips/MS032901/problems/chr3:93504854-194041961,11.668366432189941
H3K27me3_TDH_some/samples/ips/MS033001/problems/chr3:60000-66170270,10.611873626708984
H3K27me3_TDH_some/samples/ips/MS033001/problems/chr3:93504854-194041961,11.629071235656738
H3K27me3_TDH_some/samples/ips/MS033001/problems/chr5:49600000-91636128,10.3722505569458
H3K27me3_TDH_some/samples/ips/MS033101/problems/chr3:60000-66170270,10.641488075256348
