sequenceID,llda
H3K27me3_TDH_some/samples/brain/CEMT0022.gDNA/problems/chr14:19050000-107289540,11.209800720214844
H3K27me3_TDH_some/samples/brain/CEMT0022.gDNA/problems/chr4:75452279-190000000,11.207643508911133
H3K27me3_TDH_some/samples/brain/CEMT0023.gDNA/problems/chr10:18024675-38818835,11.206689834594727
H3K27me3_TDH_some/samples/brain/CEMT0023.gDNA/problems/chr4:75452279-190000000,11.199987411499023
H3K27me3_TDH_some/samples/brain/CEMT0023.gDNA/problems/chr5:49600000-91636128,11.197893142700195
H3K27me3_TDH_some/samples/hematopoietic/CEMT0031.gDNA/problems/chr10:18024675-38818835,11.21092700958252
H3K27me3_TDH_some/samples/hematopoietic/CEMT0031.gDNA/problems/chr3:60000-66170270,11.208794593811035
H3K27me3_TDH_some/samples/hematopoietic/CEMT0031.gDNA/problems/chr3:93504854-194041961,11.207476615905762
H3K27me3_TDH_some/samples/hematopoietic/CEMT0031.gDNA/problems/chr5:49600000-91636128,11.207442283630371
H3K27me3_TDH_some/samples/hematopoietic/CEMT0032.gDNA/problems/chr10:18024675-38818835,11.206602096557617
H3K27me3_TDH_some/samples/ips/MS032901/problems/chr3:60000-66170270,11.19955825805664
H3K27me3_TDH_some/samples/ips/MS032901/problems/chr3:93504854-194041961,11.207574844360352
H3K27me3_TDH_some/samples/ips/MS033001/problems/chr3:60000-66170270,11.198479652404785
H3K27me3_TDH_some/samples/ips/MS033001/problems/chr3:93504854-194041961,11.205825805664062
H3K27me3_TDH_some/samples/ips/MS033001/problems/chr5:49600000-91636128,11.196794509887695
H3K27me3_TDH_some/samples/ips/MS033101/problems/chr3:60000-66170270,11.198688507080078
