dataset,num_layers,layer_size,test_fold,stop_epoch,train_loss,val_loss,test_loss,time
H3K4me3_TDH_immune,2,256,1,950,1.7771660089492798,1.0452255010604858,2.2349331378936768,5.87955904006958
