dataset,num_layers,layer_size,test_fold,stop_epoch,train_loss,val_loss,test_loss,time
H3K4me3_TDH_immune,2,32,2,2701,1.9977234601974487,1.618699550628662,2.0401113033294678,6.903661489486694
