dataset,num_layers,layer_size,test_fold,stop_epoch,train_loss,val_loss,test_loss,time
H3K4me3_TDH_immune,3,1,2,11399,3.18422532081604,2.212353467941284,2.248432159423828,25.438607692718506
