dataset,num_layers,layer_size,test_fold,stop_epoch,train_loss,val_loss,test_loss,time
H3K4me3_TDH_other,2,512,1,135,1.2607686519622803,1.6603556871414185,2.4553067684173584,2.8912501335144043
