dataset,num_layers,layer_size,test_fold,stop_epoch,train_loss,val_loss,test_loss,time
H3K4me3_TDH_other,1,128,2,865,1.6530348062515259,3.9908084869384766,1.8539905548095703,3.0293452739715576
