sequenceID,llda
H3K36me3_TDH_immune/samples/monocyte/McGill0001/problems/chr10:18024675-38818835,11.910918235778809
H3K36me3_TDH_immune/samples/monocyte/McGill0002/problems/chr11:96437584-134946516,11.91080379486084
H3K36me3_TDH_immune/samples/monocyte/McGill0079/problems/chr10:51448845-125869472,11.910527229309082
H3K36me3_TDH_immune/samples/monocyte/McGill0079/problems/chr12:7239876-34856694,11.910846710205078
H3K36me3_TDH_immune/samples/monocyte/McGill0101/problems/chr10:18024675-38818835,11.91108226776123
H3K36me3_TDH_immune/samples/monocyte/McGill0101/problems/chr11:96437584-134946516,11.910863876342773
H3K36me3_TDH_immune/samples/monocyte/McGill0104/problems/chr10:18024675-38818835,11.910826683044434
H3K36me3_TDH_immune/samples/tcell/McGill0008/problems/chr10:18024675-38818835,11.910893440246582
H3K36me3_TDH_immune/samples/tcell/McGill0008/problems/chr10:51448845-125869472,11.91077709197998
H3K36me3_TDH_immune/samples/tcell/McGill0026/problems/chr10:18024675-38818835,11.911008834838867
H3K36me3_TDH_immune/samples/tcell/McGill0026/problems/chr10:51448845-125869472,11.910743713378906
H3K36me3_TDH_immune/samples/tcell/McGill0026/problems/chr12:7239876-34856694,11.910881996154785
H3K36me3_TDH_immune/samples/tcell/McGill0029/problems/chr10:18024675-38818835,11.910862922668457
H3K36me3_TDH_immune/samples/tcell/McGill0029/problems/chr10:51448845-125869472,11.910846710205078
H3K36me3_TDH_immune/samples/tcell/McGill0102/problems/chr10:18024675-38818835,11.910928726196289
H3K36me3_TDH_immune/samples/tcell/McGill0102/problems/chr10:51448845-125869472,11.910822868347168
H3K36me3_TDH_immune/samples/tcell/McGill0102/problems/chr12:7239876-34856694,11.910887718200684
