sequenceID,llda
H3K36me3_TDH_other/samples/kidney/McGill0023/problems/chr16:60000-8636921,11.11036491394043
H3K36me3_TDH_other/samples/kidney/McGill0023/problems/chr16:8686921-32000000,11.114322662353516
H3K36me3_TDH_other/samples/kidney/McGill0023/problems/chr21:43005559-44632664,10.972393989562988
H3K36me3_TDH_other/samples/kidneyCancer/McGill0022/problems/chr15:29209443-77800000,11.113327980041504
H3K36me3_TDH_other/samples/kidneyCancer/McGill0022/problems/chr16:8686921-32000000,11.11436653137207
H3K36me3_TDH_other/samples/skeletalMuscleCtrl/McGill0019/problems/chr14:19050000-107289540,11.114627838134766
H3K36me3_TDH_other/samples/skeletalMuscleCtrl/McGill0019/problems/chr15:29209443-77800000,11.113790512084961
H3K36me3_TDH_other/samples/skeletalMuscleCtrl/McGill0019/problems/chr16:60000-8636921,11.04454517364502
H3K36me3_TDH_other/samples/skeletalMuscleCtrl/McGill0019/problems/chr16:8686921-32000000,11.113404273986816
H3K36me3_TDH_other/samples/skeletalMuscleCtrl/McGill0019/problems/chr21:43005559-44632664,10.810771942138672
H3K36me3_TDH_other/samples/skeletalMuscleCtrl/McGill0036/problems/chr14:19050000-107289540,11.113892555236816
H3K36me3_TDH_other/samples/skeletalMuscleCtrl/McGill0036/problems/chr15:29209443-77800000,11.113354682922363
H3K36me3_TDH_other/samples/skeletalMuscleCtrl/McGill0036/problems/chr16:8686921-32000000,11.114447593688965
H3K36me3_TDH_other/samples/skeletalMuscleCtrl/McGill0037/problems/chr14:19050000-107289540,11.114713668823242
H3K36me3_TDH_other/samples/skeletalMuscleCtrl/McGill0037/problems/chr21:43005559-44632664,10.93791675567627
H3K36me3_TDH_other/samples/skeletalMuscleMD/McGill0012/problems/chr21:43005559-44632664,10.829487800598145
H3K36me3_TDH_other/samples/skeletalMuscleMD/McGill0013/problems/chr14:19050000-107289540,11.114721298217773
H3K36me3_TDH_other/samples/skeletalMuscleMD/McGill0013/problems/chr15:29209443-77800000,11.113604545593262
H3K36me3_TDH_other/samples/skeletalMuscleMD/McGill0013/problems/chr16:60000-8636921,11.112747192382812
H3K36me3_TDH_other/samples/skeletalMuscleMD/McGill0016/problems/chr16:60000-8636921,11.113364219665527
