sequenceID,llda
H3K36me3_TDH_immune/samples/monocyte/McGill0001/problems/chr10:51448845-125869472,12.501564025878906
H3K36me3_TDH_immune/samples/monocyte/McGill0001/problems/chr11:96437584-134946516,11.741582870483398
H3K36me3_TDH_immune/samples/monocyte/McGill0001/problems/chr12:7239876-34856694,12.1796875
H3K36me3_TDH_immune/samples/monocyte/McGill0002/problems/chr10:18024675-38818835,12.483926773071289
H3K36me3_TDH_immune/samples/monocyte/McGill0002/problems/chr10:51448845-125869472,12.461751937866211
H3K36me3_TDH_immune/samples/monocyte/McGill0002/problems/chr12:7239876-34856694,12.164655685424805
H3K36me3_TDH_immune/samples/monocyte/McGill0079/problems/chr10:18024675-38818835,12.542781829833984
H3K36me3_TDH_immune/samples/monocyte/McGill0079/problems/chr11:96437584-134946516,12.227087020874023
H3K36me3_TDH_immune/samples/monocyte/McGill0101/problems/chr10:51448845-125869472,12.50084114074707
H3K36me3_TDH_immune/samples/monocyte/McGill0101/problems/chr12:7239876-34856694,12.406427383422852
H3K36me3_TDH_immune/samples/monocyte/McGill0104/problems/chr10:51448845-125869472,12.488922119140625
H3K36me3_TDH_immune/samples/monocyte/McGill0104/problems/chr11:96437584-134946516,11.978507995605469
H3K36me3_TDH_immune/samples/monocyte/McGill0104/problems/chr12:7239876-34856694,12.136444091796875
H3K36me3_TDH_immune/samples/tcell/McGill0008/problems/chr11:96437584-134946516,11.48855209350586
H3K36me3_TDH_immune/samples/tcell/McGill0008/problems/chr12:7239876-34856694,11.853660583496094
H3K36me3_TDH_immune/samples/tcell/McGill0024/problems/chr11:96437584-134946516,11.844711303710938
H3K36me3_TDH_immune/samples/tcell/McGill0026/problems/chr11:96437584-134946516,11.47911262512207
H3K36me3_TDH_immune/samples/tcell/McGill0029/problems/chr11:96437584-134946516,12.250984191894531
H3K36me3_TDH_immune/samples/tcell/McGill0029/problems/chr12:7239876-34856694,12.390335083007812
H3K36me3_TDH_immune/samples/tcell/McGill0102/problems/chr11:96437584-134946516,11.542058944702148
