dataset,num_layers,layer_size,test_fold,stop_epoch,train_loss,val_loss,test_loss,time
H3K27me3_TDH_some,3,2,2,17429,2.4817888736724854,2.191145181655884,3.620255708694458,37.08029866218567
