dataset,num_layers,layer_size,test_fold,stop_epoch,train_loss,val_loss,test_loss,time
H3K27me3_TDH_some,3,32,1,69,4.72695255279541,0.8911741971969604,4.3882598876953125,1.7959027290344238
