dataset,num_layers,layer_size,test_fold,stop_epoch,train_loss,val_loss,test_loss,time
H3K27me3_TDH_some,2,4,2,17741,2.4817888736724854,2.191145181655884,3.5760557651519775,33.26367163658142
