dataset,num_layers,layer_size,test_fold,stop_epoch,train_loss,val_loss,test_loss,time
H3K27me3_TDH_some,1,4,1,17999,2.3204314708709717,8.21766471862793,2.7432751655578613,28.09801936149597
