sequenceID,llda
H3K36me3_TDH_immune/samples/monocyte/McGill0001/problems/chr10:51448845-125869472,12.556650161743164
H3K36me3_TDH_immune/samples/monocyte/McGill0001/problems/chr11:96437584-134946516,11.737281799316406
H3K36me3_TDH_immune/samples/monocyte/McGill0001/problems/chr12:7239876-34856694,12.273385047912598
H3K36me3_TDH_immune/samples/monocyte/McGill0002/problems/chr10:18024675-38818835,12.459568977355957
H3K36me3_TDH_immune/samples/monocyte/McGill0002/problems/chr10:51448845-125869472,12.54536247253418
H3K36me3_TDH_immune/samples/monocyte/McGill0002/problems/chr12:7239876-34856694,12.259621620178223
H3K36me3_TDH_immune/samples/monocyte/McGill0079/problems/chr10:18024675-38818835,12.577291488647461
H3K36me3_TDH_immune/samples/monocyte/McGill0079/problems/chr11:96437584-134946516,11.916839599609375
H3K36me3_TDH_immune/samples/monocyte/McGill0101/problems/chr10:51448845-125869472,12.496818542480469
H3K36me3_TDH_immune/samples/monocyte/McGill0101/problems/chr12:7239876-34856694,12.371232986450195
H3K36me3_TDH_immune/samples/monocyte/McGill0104/problems/chr10:51448845-125869472,12.204408645629883
H3K36me3_TDH_immune/samples/monocyte/McGill0104/problems/chr11:96437584-134946516,11.532203674316406
H3K36me3_TDH_immune/samples/monocyte/McGill0104/problems/chr12:7239876-34856694,12.301342964172363
H3K36me3_TDH_immune/samples/tcell/McGill0008/problems/chr11:96437584-134946516,11.486390113830566
H3K36me3_TDH_immune/samples/tcell/McGill0008/problems/chr12:7239876-34856694,12.136893272399902
H3K36me3_TDH_immune/samples/tcell/McGill0024/problems/chr11:96437584-134946516,11.827930450439453
H3K36me3_TDH_immune/samples/tcell/McGill0026/problems/chr11:96437584-134946516,11.234987258911133
H3K36me3_TDH_immune/samples/tcell/McGill0029/problems/chr11:96437584-134946516,12.143268585205078
H3K36me3_TDH_immune/samples/tcell/McGill0029/problems/chr12:7239876-34856694,12.496796607971191
H3K36me3_TDH_immune/samples/tcell/McGill0102/problems/chr11:96437584-134946516,11.47702407836914
