sequenceID,llda
H3K27me3_TDH_some/samples/brain/CEMT0022.gDNA/problems/chr14:19050000-107289540,12.0215425491333
H3K27me3_TDH_some/samples/brain/CEMT0022.gDNA/problems/chr4:75452279-190000000,12.019434928894043
H3K27me3_TDH_some/samples/brain/CEMT0023.gDNA/problems/chr10:18024675-38818835,10.106266021728516
H3K27me3_TDH_some/samples/brain/CEMT0023.gDNA/problems/chr4:75452279-190000000,10.42581844329834
H3K27me3_TDH_some/samples/brain/CEMT0023.gDNA/problems/chr5:49600000-91636128,10.060725212097168
H3K27me3_TDH_some/samples/hematopoietic/CEMT0031.gDNA/problems/chr10:18024675-38818835,12.020062446594238
H3K27me3_TDH_some/samples/hematopoietic/CEMT0031.gDNA/problems/chr3:60000-66170270,12.021157264709473
H3K27me3_TDH_some/samples/hematopoietic/CEMT0031.gDNA/problems/chr3:93504854-194041961,12.017373085021973
H3K27me3_TDH_some/samples/hematopoietic/CEMT0031.gDNA/problems/chr5:49600000-91636128,12.0181303024292
H3K27me3_TDH_some/samples/hematopoietic/CEMT0032.gDNA/problems/chr10:18024675-38818835,12.020540237426758
H3K27me3_TDH_some/samples/ips/MS032901/problems/chr3:60000-66170270,10.41599178314209
H3K27me3_TDH_some/samples/ips/MS032901/problems/chr3:93504854-194041961,10.802387237548828
H3K27me3_TDH_some/samples/ips/MS033001/problems/chr3:60000-66170270,10.675637245178223
H3K27me3_TDH_some/samples/ips/MS033001/problems/chr3:93504854-194041961,10.681782722473145
H3K27me3_TDH_some/samples/ips/MS033001/problems/chr5:49600000-91636128,10.52951431274414
H3K27me3_TDH_some/samples/ips/MS033101/problems/chr3:60000-66170270,11.810736656188965
