sequenceID,llda
H3K27me3_TDH_some/samples/brain/CEMT0022.gDNA/problems/chr14:19050000-107289540,11.53274154663086
H3K27me3_TDH_some/samples/brain/CEMT0022.gDNA/problems/chr4:75452279-190000000,11.497735977172852
H3K27me3_TDH_some/samples/brain/CEMT0023.gDNA/problems/chr10:18024675-38818835,10.811440467834473
H3K27me3_TDH_some/samples/brain/CEMT0023.gDNA/problems/chr4:75452279-190000000,10.823049545288086
H3K27me3_TDH_some/samples/brain/CEMT0023.gDNA/problems/chr5:49600000-91636128,10.513290405273438
H3K27me3_TDH_some/samples/hematopoietic/CEMT0031.gDNA/problems/chr10:18024675-38818835,11.501140594482422
H3K27me3_TDH_some/samples/hematopoietic/CEMT0031.gDNA/problems/chr3:60000-66170270,11.527085304260254
H3K27me3_TDH_some/samples/hematopoietic/CEMT0031.gDNA/problems/chr3:93504854-194041961,11.48461627960205
H3K27me3_TDH_some/samples/hematopoietic/CEMT0031.gDNA/problems/chr5:49600000-91636128,11.502723693847656
H3K27me3_TDH_some/samples/hematopoietic/CEMT0032.gDNA/problems/chr10:18024675-38818835,11.480356216430664
H3K27me3_TDH_some/samples/ips/MS032901/problems/chr3:60000-66170270,10.490682601928711
H3K27me3_TDH_some/samples/ips/MS032901/problems/chr3:93504854-194041961,11.264179229736328
H3K27me3_TDH_some/samples/ips/MS033001/problems/chr3:60000-66170270,10.478432655334473
H3K27me3_TDH_some/samples/ips/MS033001/problems/chr3:93504854-194041961,11.24109935760498
H3K27me3_TDH_some/samples/ips/MS033001/problems/chr5:49600000-91636128,10.303403854370117
H3K27me3_TDH_some/samples/ips/MS033101/problems/chr3:60000-66170270,10.519058227539062
