sequenceID,llda
H3K27me3_TDH_some/samples/brain/CEMT0022.gDNA/problems/chr14:19050000-107289540,11.205855369567871
H3K27me3_TDH_some/samples/brain/CEMT0022.gDNA/problems/chr4:75452279-190000000,11.205894470214844
H3K27me3_TDH_some/samples/brain/CEMT0023.gDNA/problems/chr10:18024675-38818835,11.205141067504883
H3K27me3_TDH_some/samples/brain/CEMT0023.gDNA/problems/chr4:75452279-190000000,11.205866813659668
H3K27me3_TDH_some/samples/brain/CEMT0023.gDNA/problems/chr5:49600000-91636128,11.205589294433594
H3K27me3_TDH_some/samples/hematopoietic/CEMT0031.gDNA/problems/chr10:18024675-38818835,11.20396900177002
H3K27me3_TDH_some/samples/hematopoietic/CEMT0031.gDNA/problems/chr3:60000-66170270,11.205857276916504
H3K27me3_TDH_some/samples/hematopoietic/CEMT0031.gDNA/problems/chr3:93504854-194041961,11.205864906311035
H3K27me3_TDH_some/samples/hematopoietic/CEMT0031.gDNA/problems/chr5:49600000-91636128,11.205901145935059
H3K27me3_TDH_some/samples/hematopoietic/CEMT0032.gDNA/problems/chr10:18024675-38818835,11.205799102783203
H3K27me3_TDH_some/samples/ips/MS032901/problems/chr3:60000-66170270,11.205941200256348
H3K27me3_TDH_some/samples/ips/MS032901/problems/chr3:93504854-194041961,11.205951690673828
H3K27me3_TDH_some/samples/ips/MS033001/problems/chr3:60000-66170270,11.205866813659668
H3K27me3_TDH_some/samples/ips/MS033001/problems/chr3:93504854-194041961,11.205936431884766
H3K27me3_TDH_some/samples/ips/MS033001/problems/chr5:49600000-91636128,11.205864906311035
H3K27me3_TDH_some/samples/ips/MS033101/problems/chr3:60000-66170270,11.205939292907715
