sequenceID,llda
H3K27me3_TDH_some/samples/brain/CEMT0022.gDNA/problems/chr14:19050000-107289540,11.207155227661133
H3K27me3_TDH_some/samples/brain/CEMT0022.gDNA/problems/chr4:75452279-190000000,11.20511245727539
H3K27me3_TDH_some/samples/brain/CEMT0023.gDNA/problems/chr10:18024675-38818835,11.197683334350586
H3K27me3_TDH_some/samples/brain/CEMT0023.gDNA/problems/chr4:75452279-190000000,11.20846176147461
H3K27me3_TDH_some/samples/brain/CEMT0023.gDNA/problems/chr5:49600000-91636128,11.209184646606445
H3K27me3_TDH_some/samples/hematopoietic/CEMT0031.gDNA/problems/chr10:18024675-38818835,11.18993091583252
H3K27me3_TDH_some/samples/hematopoietic/CEMT0031.gDNA/problems/chr3:60000-66170270,11.205094337463379
H3K27me3_TDH_some/samples/hematopoietic/CEMT0031.gDNA/problems/chr3:93504854-194041961,11.204329490661621
H3K27me3_TDH_some/samples/hematopoietic/CEMT0031.gDNA/problems/chr5:49600000-91636128,11.205911636352539
H3K27me3_TDH_some/samples/hematopoietic/CEMT0032.gDNA/problems/chr10:18024675-38818835,11.202783584594727
H3K27me3_TDH_some/samples/ips/MS032901/problems/chr3:60000-66170270,11.207627296447754
H3K27me3_TDH_some/samples/ips/MS032901/problems/chr3:93504854-194041961,11.206769943237305
H3K27me3_TDH_some/samples/ips/MS033001/problems/chr3:60000-66170270,11.20846176147461
H3K27me3_TDH_some/samples/ips/MS033001/problems/chr3:93504854-194041961,11.205944061279297
H3K27me3_TDH_some/samples/ips/MS033001/problems/chr5:49600000-91636128,11.20846176147461
H3K27me3_TDH_some/samples/ips/MS033101/problems/chr3:60000-66170270,11.207627296447754
