sequenceID,llda
H3K27me3_TDH_some/samples/brain/CEMT0022.gDNA/problems/chr14:19050000-107289540,12.189281463623047
H3K27me3_TDH_some/samples/brain/CEMT0022.gDNA/problems/chr4:75452279-190000000,12.09457015991211
H3K27me3_TDH_some/samples/brain/CEMT0023.gDNA/problems/chr10:18024675-38818835,10.362874984741211
H3K27me3_TDH_some/samples/brain/CEMT0023.gDNA/problems/chr4:75452279-190000000,10.57772445678711
H3K27me3_TDH_some/samples/brain/CEMT0023.gDNA/problems/chr5:49600000-91636128,10.3572998046875
H3K27me3_TDH_some/samples/hematopoietic/CEMT0031.gDNA/problems/chr10:18024675-38818835,11.945857048034668
H3K27me3_TDH_some/samples/hematopoietic/CEMT0031.gDNA/problems/chr3:60000-66170270,12.02846908569336
H3K27me3_TDH_some/samples/hematopoietic/CEMT0031.gDNA/problems/chr3:93504854-194041961,11.983793258666992
H3K27me3_TDH_some/samples/hematopoietic/CEMT0031.gDNA/problems/chr5:49600000-91636128,11.894295692443848
H3K27me3_TDH_some/samples/hematopoietic/CEMT0032.gDNA/problems/chr10:18024675-38818835,12.073040008544922
H3K27me3_TDH_some/samples/ips/MS032901/problems/chr3:60000-66170270,10.637918472290039
H3K27me3_TDH_some/samples/ips/MS032901/problems/chr3:93504854-194041961,10.800737380981445
H3K27me3_TDH_some/samples/ips/MS033001/problems/chr3:60000-66170270,10.607643127441406
H3K27me3_TDH_some/samples/ips/MS033001/problems/chr3:93504854-194041961,10.638107299804688
H3K27me3_TDH_some/samples/ips/MS033001/problems/chr5:49600000-91636128,10.488458633422852
H3K27me3_TDH_some/samples/ips/MS033101/problems/chr3:60000-66170270,10.864496231079102
