sequenceID,llda
H3K27me3_TDH_some/samples/brain/CEMT0022.gDNA/problems/chr14:19050000-107289540,11.29146957397461
H3K27me3_TDH_some/samples/brain/CEMT0022.gDNA/problems/chr4:75452279-190000000,11.291341781616211
H3K27me3_TDH_some/samples/brain/CEMT0023.gDNA/problems/chr10:18024675-38818835,11.291191101074219
H3K27me3_TDH_some/samples/brain/CEMT0023.gDNA/problems/chr4:75452279-190000000,11.289669036865234
H3K27me3_TDH_some/samples/brain/CEMT0023.gDNA/problems/chr5:49600000-91636128,11.288379669189453
H3K27me3_TDH_some/samples/hematopoietic/CEMT0031.gDNA/problems/chr10:18024675-38818835,11.291936874389648
H3K27me3_TDH_some/samples/hematopoietic/CEMT0031.gDNA/problems/chr3:60000-66170270,11.29110050201416
H3K27me3_TDH_some/samples/hematopoietic/CEMT0031.gDNA/problems/chr3:93504854-194041961,11.291489601135254
H3K27me3_TDH_some/samples/hematopoietic/CEMT0031.gDNA/problems/chr5:49600000-91636128,11.291419982910156
H3K27me3_TDH_some/samples/hematopoietic/CEMT0032.gDNA/problems/chr10:18024675-38818835,11.291238784790039
H3K27me3_TDH_some/samples/ips/MS032901/problems/chr3:60000-66170270,11.289674758911133
H3K27me3_TDH_some/samples/ips/MS032901/problems/chr3:93504854-194041961,11.291236877441406
H3K27me3_TDH_some/samples/ips/MS033001/problems/chr3:60000-66170270,11.289674758911133
H3K27me3_TDH_some/samples/ips/MS033001/problems/chr3:93504854-194041961,11.291298866271973
H3K27me3_TDH_some/samples/ips/MS033001/problems/chr5:49600000-91636128,11.288715362548828
H3K27me3_TDH_some/samples/ips/MS033101/problems/chr3:60000-66170270,11.28967571258545
