sequenceID,llda
H3K36me3_TDH_immune/samples/monocyte/McGill0001/problems/chr10:18024675-38818835,11.622188568115234
H3K36me3_TDH_immune/samples/monocyte/McGill0002/problems/chr11:96437584-134946516,11.803171157836914
H3K36me3_TDH_immune/samples/monocyte/McGill0079/problems/chr10:51448845-125869472,13.488821983337402
H3K36me3_TDH_immune/samples/monocyte/McGill0079/problems/chr12:7239876-34856694,11.499956130981445
H3K36me3_TDH_immune/samples/monocyte/McGill0101/problems/chr10:18024675-38818835,13.538191795349121
H3K36me3_TDH_immune/samples/monocyte/McGill0101/problems/chr11:96437584-134946516,11.694404602050781
H3K36me3_TDH_immune/samples/monocyte/McGill0104/problems/chr10:18024675-38818835,13.50204086303711
H3K36me3_TDH_immune/samples/tcell/McGill0008/problems/chr10:18024675-38818835,11.586483001708984
H3K36me3_TDH_immune/samples/tcell/McGill0008/problems/chr10:51448845-125869472,11.796853065490723
H3K36me3_TDH_immune/samples/tcell/McGill0026/problems/chr10:18024675-38818835,11.601066589355469
H3K36me3_TDH_immune/samples/tcell/McGill0026/problems/chr10:51448845-125869472,12.195913314819336
H3K36me3_TDH_immune/samples/tcell/McGill0026/problems/chr12:7239876-34856694,11.865652084350586
H3K36me3_TDH_immune/samples/tcell/McGill0029/problems/chr10:18024675-38818835,13.35033893585205
H3K36me3_TDH_immune/samples/tcell/McGill0029/problems/chr10:51448845-125869472,12.071109771728516
H3K36me3_TDH_immune/samples/tcell/McGill0102/problems/chr10:18024675-38818835,13.501598358154297
H3K36me3_TDH_immune/samples/tcell/McGill0102/problems/chr10:51448845-125869472,11.934087753295898
H3K36me3_TDH_immune/samples/tcell/McGill0102/problems/chr12:7239876-34856694,11.65103816986084
