sequenceID,llda
H3K36me3_TDH_immune/samples/monocyte/McGill0001/problems/chr10:18024675-38818835,11.90614128112793
H3K36me3_TDH_immune/samples/monocyte/McGill0002/problems/chr11:96437584-134946516,11.906364440917969
H3K36me3_TDH_immune/samples/monocyte/McGill0079/problems/chr10:51448845-125869472,11.906303405761719
H3K36me3_TDH_immune/samples/monocyte/McGill0079/problems/chr12:7239876-34856694,11.90632438659668
H3K36me3_TDH_immune/samples/monocyte/McGill0101/problems/chr10:18024675-38818835,11.906190872192383
H3K36me3_TDH_immune/samples/monocyte/McGill0101/problems/chr11:96437584-134946516,11.906391143798828
H3K36me3_TDH_immune/samples/monocyte/McGill0104/problems/chr10:18024675-38818835,11.906213760375977
H3K36me3_TDH_immune/samples/tcell/McGill0008/problems/chr10:18024675-38818835,11.906257629394531
H3K36me3_TDH_immune/samples/tcell/McGill0008/problems/chr10:51448845-125869472,11.906364440917969
H3K36me3_TDH_immune/samples/tcell/McGill0026/problems/chr10:18024675-38818835,11.90620231628418
H3K36me3_TDH_immune/samples/tcell/McGill0026/problems/chr10:51448845-125869472,11.906391143798828
H3K36me3_TDH_immune/samples/tcell/McGill0026/problems/chr12:7239876-34856694,11.906391143798828
H3K36me3_TDH_immune/samples/tcell/McGill0029/problems/chr10:18024675-38818835,11.906164169311523
H3K36me3_TDH_immune/samples/tcell/McGill0029/problems/chr10:51448845-125869472,11.906391143798828
H3K36me3_TDH_immune/samples/tcell/McGill0102/problems/chr10:18024675-38818835,11.906145095825195
H3K36me3_TDH_immune/samples/tcell/McGill0102/problems/chr10:51448845-125869472,11.906391143798828
H3K36me3_TDH_immune/samples/tcell/McGill0102/problems/chr12:7239876-34856694,11.906366348266602
