sequenceID,llda
H3K27me3_TDH_some/samples/brain/CEMT0022.gDNA/problems/chr14:19050000-107289540,10.935867309570312
H3K27me3_TDH_some/samples/brain/CEMT0022.gDNA/problems/chr4:75452279-190000000,10.93693733215332
H3K27me3_TDH_some/samples/brain/CEMT0023.gDNA/problems/chr10:18024675-38818835,10.937742233276367
H3K27me3_TDH_some/samples/brain/CEMT0023.gDNA/problems/chr4:75452279-190000000,10.937905311584473
H3K27me3_TDH_some/samples/brain/CEMT0023.gDNA/problems/chr5:49600000-91636128,10.938138961791992
H3K27me3_TDH_some/samples/hematopoietic/CEMT0031.gDNA/problems/chr10:18024675-38818835,10.936901092529297
H3K27me3_TDH_some/samples/hematopoietic/CEMT0031.gDNA/problems/chr3:60000-66170270,10.936901092529297
H3K27me3_TDH_some/samples/hematopoietic/CEMT0031.gDNA/problems/chr3:93504854-194041961,10.937101364135742
H3K27me3_TDH_some/samples/hematopoietic/CEMT0031.gDNA/problems/chr5:49600000-91636128,10.93718147277832
H3K27me3_TDH_some/samples/hematopoietic/CEMT0032.gDNA/problems/chr10:18024675-38818835,10.937080383300781
H3K27me3_TDH_some/samples/ips/MS032901/problems/chr3:60000-66170270,10.937911033630371
H3K27me3_TDH_some/samples/ips/MS032901/problems/chr3:93504854-194041961,10.937365531921387
H3K27me3_TDH_some/samples/ips/MS033001/problems/chr3:60000-66170270,10.937911033630371
H3K27me3_TDH_some/samples/ips/MS033001/problems/chr3:93504854-194041961,10.937528610229492
H3K27me3_TDH_some/samples/ips/MS033001/problems/chr5:49600000-91636128,10.93808650970459
H3K27me3_TDH_some/samples/ips/MS033101/problems/chr3:60000-66170270,10.937914848327637
