sequenceID,llda
H3K27me3_TDH_some/samples/brain/CEMT0022.gDNA/problems/chr14:19050000-107289540,11.940208435058594
H3K27me3_TDH_some/samples/brain/CEMT0022.gDNA/problems/chr4:75452279-190000000,12.116455078125
H3K27me3_TDH_some/samples/brain/CEMT0023.gDNA/problems/chr10:18024675-38818835,10.445577621459961
H3K27me3_TDH_some/samples/brain/CEMT0023.gDNA/problems/chr4:75452279-190000000,10.802901268005371
H3K27me3_TDH_some/samples/brain/CEMT0023.gDNA/problems/chr5:49600000-91636128,10.507445335388184
H3K27me3_TDH_some/samples/hematopoietic/CEMT0031.gDNA/problems/chr10:18024675-38818835,11.960296630859375
H3K27me3_TDH_some/samples/hematopoietic/CEMT0031.gDNA/problems/chr3:60000-66170270,12.008153915405273
H3K27me3_TDH_some/samples/hematopoietic/CEMT0031.gDNA/problems/chr3:93504854-194041961,12.098837852478027
H3K27me3_TDH_some/samples/hematopoietic/CEMT0031.gDNA/problems/chr5:49600000-91636128,12.087990760803223
H3K27me3_TDH_some/samples/hematopoietic/CEMT0032.gDNA/problems/chr10:18024675-38818835,12.123886108398438
H3K27me3_TDH_some/samples/ips/MS032901/problems/chr3:60000-66170270,10.415812492370605
H3K27me3_TDH_some/samples/ips/MS032901/problems/chr3:93504854-194041961,10.985819816589355
H3K27me3_TDH_some/samples/ips/MS033001/problems/chr3:60000-66170270,10.43200969696045
H3K27me3_TDH_some/samples/ips/MS033001/problems/chr3:93504854-194041961,11.092879295349121
H3K27me3_TDH_some/samples/ips/MS033001/problems/chr5:49600000-91636128,10.372170448303223
H3K27me3_TDH_some/samples/ips/MS033101/problems/chr3:60000-66170270,10.488649368286133
