sequenceID,llda
H3K36me3_TDH_immune/samples/monocyte/McGill0001/problems/chr10:51448845-125869472,12.177095413208008
H3K36me3_TDH_immune/samples/monocyte/McGill0001/problems/chr11:96437584-134946516,12.177094459533691
H3K36me3_TDH_immune/samples/monocyte/McGill0001/problems/chr12:7239876-34856694,12.177096366882324
H3K36me3_TDH_immune/samples/monocyte/McGill0002/problems/chr10:18024675-38818835,12.177102088928223
H3K36me3_TDH_immune/samples/monocyte/McGill0002/problems/chr10:51448845-125869472,12.177096366882324
H3K36me3_TDH_immune/samples/monocyte/McGill0002/problems/chr12:7239876-34856694,12.17709732055664
H3K36me3_TDH_immune/samples/monocyte/McGill0079/problems/chr10:18024675-38818835,12.17710018157959
H3K36me3_TDH_immune/samples/monocyte/McGill0079/problems/chr11:96437584-134946516,12.177096366882324
H3K36me3_TDH_immune/samples/monocyte/McGill0101/problems/chr10:51448845-125869472,12.17710018157959
H3K36me3_TDH_immune/samples/monocyte/McGill0101/problems/chr12:7239876-34856694,12.17709732055664
H3K36me3_TDH_immune/samples/monocyte/McGill0104/problems/chr10:51448845-125869472,12.177096366882324
H3K36me3_TDH_immune/samples/monocyte/McGill0104/problems/chr11:96437584-134946516,12.177092552185059
H3K36me3_TDH_immune/samples/monocyte/McGill0104/problems/chr12:7239876-34856694,12.17709732055664
H3K36me3_TDH_immune/samples/tcell/McGill0008/problems/chr11:96437584-134946516,12.177090644836426
H3K36me3_TDH_immune/samples/tcell/McGill0008/problems/chr12:7239876-34856694,12.177094459533691
H3K36me3_TDH_immune/samples/tcell/McGill0024/problems/chr11:96437584-134946516,12.177094459533691
H3K36me3_TDH_immune/samples/tcell/McGill0026/problems/chr11:96437584-134946516,12.177090644836426
H3K36me3_TDH_immune/samples/tcell/McGill0029/problems/chr11:96437584-134946516,12.177096366882324
H3K36me3_TDH_immune/samples/tcell/McGill0029/problems/chr12:7239876-34856694,12.17710018157959
H3K36me3_TDH_immune/samples/tcell/McGill0102/problems/chr11:96437584-134946516,12.177092552185059
