sequenceID,llda
H3K27me3_TDH_some/samples/brain/CEMT0022.gDNA/problems/chr14:19050000-107289540,11.91032886505127
H3K27me3_TDH_some/samples/brain/CEMT0022.gDNA/problems/chr4:75452279-190000000,11.794053077697754
H3K27me3_TDH_some/samples/brain/CEMT0023.gDNA/problems/chr10:18024675-38818835,10.984919548034668
H3K27me3_TDH_some/samples/brain/CEMT0023.gDNA/problems/chr4:75452279-190000000,10.83676528930664
H3K27me3_TDH_some/samples/brain/CEMT0023.gDNA/problems/chr5:49600000-91636128,10.209857940673828
H3K27me3_TDH_some/samples/hematopoietic/CEMT0031.gDNA/problems/chr10:18024675-38818835,11.972940444946289
H3K27me3_TDH_some/samples/hematopoietic/CEMT0031.gDNA/problems/chr3:60000-66170270,11.830787658691406
H3K27me3_TDH_some/samples/hematopoietic/CEMT0031.gDNA/problems/chr3:93504854-194041961,11.726553916931152
H3K27me3_TDH_some/samples/hematopoietic/CEMT0031.gDNA/problems/chr5:49600000-91636128,11.695868492126465
H3K27me3_TDH_some/samples/hematopoietic/CEMT0032.gDNA/problems/chr10:18024675-38818835,11.682154655456543
H3K27me3_TDH_some/samples/ips/MS032901/problems/chr3:60000-66170270,10.82558536529541
H3K27me3_TDH_some/samples/ips/MS032901/problems/chr3:93504854-194041961,11.71610164642334
H3K27me3_TDH_some/samples/ips/MS033001/problems/chr3:60000-66170270,10.82558536529541
H3K27me3_TDH_some/samples/ips/MS033001/problems/chr3:93504854-194041961,11.482439994812012
H3K27me3_TDH_some/samples/ips/MS033001/problems/chr5:49600000-91636128,10.259984016418457
H3K27me3_TDH_some/samples/ips/MS033101/problems/chr3:60000-66170270,10.819737434387207
