dataset,num_layers,layer_size,test_fold,stop_epoch,train_loss,val_loss,test_loss,time
ATAC_JV_adipose,3,1,1,13219,2.1452481746673584,1.3907886743545532,2.313274621963501,28.662046670913696
