sequenceID,llda
H3K27me3_TDH_some/samples/brain/CEMT0022.gDNA/problems/chr14:19050000-107289540,12.010481834411621
H3K27me3_TDH_some/samples/brain/CEMT0022.gDNA/problems/chr4:75452279-190000000,12.010772705078125
H3K27me3_TDH_some/samples/brain/CEMT0023.gDNA/problems/chr10:18024675-38818835,10.524076461791992
H3K27me3_TDH_some/samples/brain/CEMT0023.gDNA/problems/chr4:75452279-190000000,10.516144752502441
H3K27me3_TDH_some/samples/brain/CEMT0023.gDNA/problems/chr5:49600000-91636128,10.514349937438965
H3K27me3_TDH_some/samples/hematopoietic/CEMT0031.gDNA/problems/chr10:18024675-38818835,12.009918212890625
H3K27me3_TDH_some/samples/hematopoietic/CEMT0031.gDNA/problems/chr3:60000-66170270,12.010601043701172
H3K27me3_TDH_some/samples/hematopoietic/CEMT0031.gDNA/problems/chr3:93504854-194041961,12.01070499420166
H3K27me3_TDH_some/samples/hematopoietic/CEMT0031.gDNA/problems/chr5:49600000-91636128,12.010743141174316
H3K27me3_TDH_some/samples/hematopoietic/CEMT0032.gDNA/problems/chr10:18024675-38818835,12.010865211486816
H3K27me3_TDH_some/samples/ips/MS032901/problems/chr3:60000-66170270,10.516131401062012
H3K27me3_TDH_some/samples/ips/MS032901/problems/chr3:93504854-194041961,10.519209861755371
H3K27me3_TDH_some/samples/ips/MS033001/problems/chr3:60000-66170270,10.515440940856934
H3K27me3_TDH_some/samples/ips/MS033001/problems/chr3:93504854-194041961,10.519559860229492
H3K27me3_TDH_some/samples/ips/MS033001/problems/chr5:49600000-91636128,10.515131950378418
H3K27me3_TDH_some/samples/ips/MS033101/problems/chr3:60000-66170270,10.515634536743164
