dataset,num_layers,layer_size,test_fold,stop_epoch,train_loss,val_loss,test_loss,time
H3K36me3_AM_immune,3,128,1,199,0.22497034072875977,0.23337022960186005,0.6286748647689819,2.675513744354248
