dataset,num_layers,layer_size,test_fold,stop_epoch,train_loss,val_loss,test_loss,time
H3K36me3_AM_immune,3,64,1,323,0.22898505628108978,0.2659284472465515,0.7496833205223083,2.71869158744812
