dataset,num_layers,layer_size,test_fold,stop_epoch,train_loss,val_loss,test_loss,time
H3K36me3_AM_immune,2,1,2,14264,0.511997401714325,0.32965055108070374,0.40521273016929626,39.476125955581665
