dataset,num_layers,layer_size,test_fold,stop_epoch,train_loss,val_loss,test_loss,time
H3K36me3_AM_immune,3,2,1,14423,0.4173167943954468,0.2625102698802948,0.4617815911769867,32.750648975372314
