sequenceID,llda
H3K27me3_TDH_some/samples/brain/CEMT0022.gDNA/problems/chr14:19050000-107289540,11.719405174255371
H3K27me3_TDH_some/samples/brain/CEMT0022.gDNA/problems/chr4:75452279-190000000,11.712593078613281
H3K27me3_TDH_some/samples/brain/CEMT0023.gDNA/problems/chr10:18024675-38818835,11.559964179992676
H3K27me3_TDH_some/samples/brain/CEMT0023.gDNA/problems/chr4:75452279-190000000,10.760957717895508
H3K27me3_TDH_some/samples/brain/CEMT0023.gDNA/problems/chr5:49600000-91636128,10.150275230407715
H3K27me3_TDH_some/samples/hematopoietic/CEMT0031.gDNA/problems/chr10:18024675-38818835,11.680279731750488
H3K27me3_TDH_some/samples/hematopoietic/CEMT0031.gDNA/problems/chr3:60000-66170270,11.712867736816406
H3K27me3_TDH_some/samples/hematopoietic/CEMT0031.gDNA/problems/chr3:93504854-194041961,11.709733009338379
H3K27me3_TDH_some/samples/hematopoietic/CEMT0031.gDNA/problems/chr5:49600000-91636128,11.71301555633545
H3K27me3_TDH_some/samples/hematopoietic/CEMT0032.gDNA/problems/chr10:18024675-38818835,11.702767372131348
H3K27me3_TDH_some/samples/ips/MS032901/problems/chr3:60000-66170270,10.794975280761719
H3K27me3_TDH_some/samples/ips/MS032901/problems/chr3:93504854-194041961,11.702719688415527
H3K27me3_TDH_some/samples/ips/MS033001/problems/chr3:60000-66170270,10.579665184020996
H3K27me3_TDH_some/samples/ips/MS033001/problems/chr3:93504854-194041961,11.680092811584473
H3K27me3_TDH_some/samples/ips/MS033001/problems/chr5:49600000-91636128,10.557805061340332
H3K27me3_TDH_some/samples/ips/MS033101/problems/chr3:60000-66170270,10.508091926574707
