sequenceID,llda
H3K27me3_TDH_some/samples/brain/CEMT0022.gDNA/problems/chr14:19050000-107289540,11.639426231384277
H3K27me3_TDH_some/samples/brain/CEMT0022.gDNA/problems/chr4:75452279-190000000,11.639045715332031
H3K27me3_TDH_some/samples/brain/CEMT0023.gDNA/problems/chr10:18024675-38818835,11.544032096862793
H3K27me3_TDH_some/samples/brain/CEMT0023.gDNA/problems/chr4:75452279-190000000,10.69656753540039
H3K27me3_TDH_some/samples/brain/CEMT0023.gDNA/problems/chr5:49600000-91636128,10.293675422668457
H3K27me3_TDH_some/samples/hematopoietic/CEMT0031.gDNA/problems/chr10:18024675-38818835,11.639616012573242
H3K27me3_TDH_some/samples/hematopoietic/CEMT0031.gDNA/problems/chr3:60000-66170270,11.639274597167969
H3K27me3_TDH_some/samples/hematopoietic/CEMT0031.gDNA/problems/chr3:93504854-194041961,11.639077186584473
H3K27me3_TDH_some/samples/hematopoietic/CEMT0031.gDNA/problems/chr5:49600000-91636128,11.638609886169434
H3K27me3_TDH_some/samples/hematopoietic/CEMT0032.gDNA/problems/chr10:18024675-38818835,11.637552261352539
H3K27me3_TDH_some/samples/ips/MS032901/problems/chr3:60000-66170270,10.672930717468262
H3K27me3_TDH_some/samples/ips/MS032901/problems/chr3:93504854-194041961,11.638307571411133
H3K27me3_TDH_some/samples/ips/MS033001/problems/chr3:60000-66170270,10.5076322555542
H3K27me3_TDH_some/samples/ips/MS033001/problems/chr3:93504854-194041961,11.636188507080078
H3K27me3_TDH_some/samples/ips/MS033001/problems/chr5:49600000-91636128,10.613886833190918
H3K27me3_TDH_some/samples/ips/MS033101/problems/chr3:60000-66170270,10.474841117858887
