sequenceID,llda
H3K36me3_TDH_immune/samples/monocyte/McGill0001/problems/chr10:51448845-125869472,12.556008338928223
H3K36me3_TDH_immune/samples/monocyte/McGill0001/problems/chr11:96437584-134946516,11.640645027160645
H3K36me3_TDH_immune/samples/monocyte/McGill0001/problems/chr12:7239876-34856694,12.106038093566895
H3K36me3_TDH_immune/samples/monocyte/McGill0002/problems/chr10:18024675-38818835,12.520516395568848
H3K36me3_TDH_immune/samples/monocyte/McGill0002/problems/chr10:51448845-125869472,12.529946327209473
H3K36me3_TDH_immune/samples/monocyte/McGill0002/problems/chr12:7239876-34856694,12.068875312805176
H3K36me3_TDH_immune/samples/monocyte/McGill0079/problems/chr10:18024675-38818835,12.33206844329834
H3K36me3_TDH_immune/samples/monocyte/McGill0079/problems/chr11:96437584-134946516,12.17225456237793
H3K36me3_TDH_immune/samples/monocyte/McGill0101/problems/chr10:51448845-125869472,12.506331443786621
H3K36me3_TDH_immune/samples/monocyte/McGill0101/problems/chr12:7239876-34856694,12.237630844116211
H3K36me3_TDH_immune/samples/monocyte/McGill0104/problems/chr10:51448845-125869472,12.521357536315918
H3K36me3_TDH_immune/samples/monocyte/McGill0104/problems/chr11:96437584-134946516,12.077811241149902
H3K36me3_TDH_immune/samples/monocyte/McGill0104/problems/chr12:7239876-34856694,12.029224395751953
H3K36me3_TDH_immune/samples/tcell/McGill0008/problems/chr11:96437584-134946516,11.676273345947266
H3K36me3_TDH_immune/samples/tcell/McGill0008/problems/chr12:7239876-34856694,11.672584533691406
H3K36me3_TDH_immune/samples/tcell/McGill0024/problems/chr11:96437584-134946516,11.780882835388184
H3K36me3_TDH_immune/samples/tcell/McGill0026/problems/chr11:96437584-134946516,11.402316093444824
H3K36me3_TDH_immune/samples/tcell/McGill0029/problems/chr11:96437584-134946516,12.195685386657715
H3K36me3_TDH_immune/samples/tcell/McGill0029/problems/chr12:7239876-34856694,12.39134407043457
H3K36me3_TDH_immune/samples/tcell/McGill0102/problems/chr11:96437584-134946516,11.70778751373291
