dataset,num_layers,layer_size,test_fold,stop_epoch,train_loss,val_loss,test_loss,time
H3K4me3_TDH_ENCODE,1,4,1,15759,0.6700012683868408,0.29853180050849915,1.414591908454895,24.986783981323242
