dataset,num_layers,layer_size,test_fold,stop_epoch,train_loss,val_loss,test_loss,time
H3K4me3_TDH_ENCODE,2,1,2,12264,0.7726935148239136,1.0318325757980347,0.6029407978057861,22.686845541000366
