dataset,num_layers,layer_size,test_fold,stop_epoch,train_loss,val_loss,test_loss,time
H3K4me3_TDH_ENCODE,3,2,1,15357,0.6700012683868408,0.29853180050849915,0.8069533109664917,32.96573996543884
