dataset,num_layers,layer_size,test_fold,stop_epoch,train_loss,val_loss,test_loss,time
H3K4me3_TDH_ENCODE,3,32,1,641,0.2377673089504242,0.5647704601287842,0.8499709367752075,3.0469346046447754
