sequenceID,llda
H3K36me3_TDH_immune/samples/monocyte/McGill0001/problems/chr10:18024675-38818835,12.661954879760742
H3K36me3_TDH_immune/samples/monocyte/McGill0002/problems/chr11:96437584-134946516,11.74438190460205
H3K36me3_TDH_immune/samples/monocyte/McGill0079/problems/chr10:51448845-125869472,12.708191871643066
H3K36me3_TDH_immune/samples/monocyte/McGill0079/problems/chr12:7239876-34856694,11.209857940673828
H3K36me3_TDH_immune/samples/monocyte/McGill0101/problems/chr10:18024675-38818835,12.578411102294922
H3K36me3_TDH_immune/samples/monocyte/McGill0101/problems/chr11:96437584-134946516,12.103940963745117
H3K36me3_TDH_immune/samples/monocyte/McGill0104/problems/chr10:18024675-38818835,13.171188354492188
H3K36me3_TDH_immune/samples/tcell/McGill0008/problems/chr10:18024675-38818835,12.584835052490234
H3K36me3_TDH_immune/samples/tcell/McGill0008/problems/chr10:51448845-125869472,12.082256317138672
H3K36me3_TDH_immune/samples/tcell/McGill0026/problems/chr10:18024675-38818835,11.678977012634277
H3K36me3_TDH_immune/samples/tcell/McGill0026/problems/chr10:51448845-125869472,12.219067573547363
H3K36me3_TDH_immune/samples/tcell/McGill0026/problems/chr12:7239876-34856694,11.467194557189941
H3K36me3_TDH_immune/samples/tcell/McGill0029/problems/chr10:18024675-38818835,12.803342819213867
H3K36me3_TDH_immune/samples/tcell/McGill0029/problems/chr10:51448845-125869472,11.876137733459473
H3K36me3_TDH_immune/samples/tcell/McGill0102/problems/chr10:18024675-38818835,12.963419914245605
H3K36me3_TDH_immune/samples/tcell/McGill0102/problems/chr10:51448845-125869472,12.012823104858398
H3K36me3_TDH_immune/samples/tcell/McGill0102/problems/chr12:7239876-34856694,11.562255859375
