sequenceID,llda
H3K36me3_TDH_immune/samples/monocyte/McGill0001/problems/chr10:51448845-125869472,11.921144485473633
H3K36me3_TDH_immune/samples/monocyte/McGill0001/problems/chr11:96437584-134946516,12.09764575958252
H3K36me3_TDH_immune/samples/monocyte/McGill0001/problems/chr12:7239876-34856694,11.977174758911133
H3K36me3_TDH_immune/samples/monocyte/McGill0002/problems/chr10:18024675-38818835,12.250951766967773
H3K36me3_TDH_immune/samples/monocyte/McGill0002/problems/chr10:51448845-125869472,12.538941383361816
H3K36me3_TDH_immune/samples/monocyte/McGill0002/problems/chr12:7239876-34856694,11.986449241638184
H3K36me3_TDH_immune/samples/monocyte/McGill0079/problems/chr10:18024675-38818835,12.57928466796875
H3K36me3_TDH_immune/samples/monocyte/McGill0079/problems/chr11:96437584-134946516,12.093918800354004
H3K36me3_TDH_immune/samples/monocyte/McGill0101/problems/chr10:51448845-125869472,11.877095222473145
H3K36me3_TDH_immune/samples/monocyte/McGill0101/problems/chr12:7239876-34856694,11.905008316040039
H3K36me3_TDH_immune/samples/monocyte/McGill0104/problems/chr10:51448845-125869472,11.98956298828125
H3K36me3_TDH_immune/samples/monocyte/McGill0104/problems/chr11:96437584-134946516,12.219747543334961
H3K36me3_TDH_immune/samples/monocyte/McGill0104/problems/chr12:7239876-34856694,11.958526611328125
H3K36me3_TDH_immune/samples/tcell/McGill0008/problems/chr11:96437584-134946516,11.302949905395508
H3K36me3_TDH_immune/samples/tcell/McGill0008/problems/chr12:7239876-34856694,11.91441822052002
H3K36me3_TDH_immune/samples/tcell/McGill0024/problems/chr11:96437584-134946516,12.155610084533691
H3K36me3_TDH_immune/samples/tcell/McGill0026/problems/chr11:96437584-134946516,11.52415943145752
H3K36me3_TDH_immune/samples/tcell/McGill0029/problems/chr11:96437584-134946516,11.888282775878906
H3K36me3_TDH_immune/samples/tcell/McGill0029/problems/chr12:7239876-34856694,12.196229934692383
H3K36me3_TDH_immune/samples/tcell/McGill0102/problems/chr11:96437584-134946516,11.547232627868652
