sequenceID,llda
H3K27me3_TDH_some/samples/brain/CEMT0022.gDNA/problems/chr14:19050000-107289540,11.676922798156738
H3K27me3_TDH_some/samples/brain/CEMT0022.gDNA/problems/chr4:75452279-190000000,12.014673233032227
H3K27me3_TDH_some/samples/brain/CEMT0023.gDNA/problems/chr10:18024675-38818835,10.130906105041504
H3K27me3_TDH_some/samples/brain/CEMT0023.gDNA/problems/chr4:75452279-190000000,10.829926490783691
H3K27me3_TDH_some/samples/brain/CEMT0023.gDNA/problems/chr5:49600000-91636128,10.525776863098145
H3K27me3_TDH_some/samples/hematopoietic/CEMT0031.gDNA/problems/chr10:18024675-38818835,11.108109474182129
H3K27me3_TDH_some/samples/hematopoietic/CEMT0031.gDNA/problems/chr3:60000-66170270,11.44582748413086
H3K27me3_TDH_some/samples/hematopoietic/CEMT0031.gDNA/problems/chr3:93504854-194041961,11.715686798095703
H3K27me3_TDH_some/samples/hematopoietic/CEMT0031.gDNA/problems/chr5:49600000-91636128,11.67160415649414
H3K27me3_TDH_some/samples/hematopoietic/CEMT0032.gDNA/problems/chr10:18024675-38818835,11.989791870117188
H3K27me3_TDH_some/samples/ips/MS032901/problems/chr3:60000-66170270,10.322263717651367
H3K27me3_TDH_some/samples/ips/MS032901/problems/chr3:93504854-194041961,10.531017303466797
H3K27me3_TDH_some/samples/ips/MS033001/problems/chr3:60000-66170270,10.372800827026367
H3K27me3_TDH_some/samples/ips/MS033001/problems/chr3:93504854-194041961,10.514143943786621
H3K27me3_TDH_some/samples/ips/MS033001/problems/chr5:49600000-91636128,10.23713493347168
H3K27me3_TDH_some/samples/ips/MS033101/problems/chr3:60000-66170270,10.382307052612305
