sequenceID,llda
H3K27me3_TDH_some/samples/brain/CEMT0022.gDNA/problems/chr14:19050000-107289540,12.128715515136719
H3K27me3_TDH_some/samples/brain/CEMT0022.gDNA/problems/chr4:75452279-190000000,12.242700576782227
H3K27me3_TDH_some/samples/brain/CEMT0023.gDNA/problems/chr10:18024675-38818835,10.402316093444824
H3K27me3_TDH_some/samples/brain/CEMT0023.gDNA/problems/chr4:75452279-190000000,10.68582820892334
H3K27me3_TDH_some/samples/brain/CEMT0023.gDNA/problems/chr5:49600000-91636128,10.479230880737305
H3K27me3_TDH_some/samples/hematopoietic/CEMT0031.gDNA/problems/chr10:18024675-38818835,11.857614517211914
H3K27me3_TDH_some/samples/hematopoietic/CEMT0031.gDNA/problems/chr3:60000-66170270,11.92412281036377
H3K27me3_TDH_some/samples/hematopoietic/CEMT0031.gDNA/problems/chr3:93504854-194041961,11.975116729736328
H3K27me3_TDH_some/samples/hematopoietic/CEMT0031.gDNA/problems/chr5:49600000-91636128,11.984809875488281
H3K27me3_TDH_some/samples/hematopoietic/CEMT0032.gDNA/problems/chr10:18024675-38818835,12.190689086914062
H3K27me3_TDH_some/samples/ips/MS032901/problems/chr3:60000-66170270,10.373725891113281
H3K27me3_TDH_some/samples/ips/MS032901/problems/chr3:93504854-194041961,10.552330017089844
H3K27me3_TDH_some/samples/ips/MS033001/problems/chr3:60000-66170270,10.40546989440918
H3K27me3_TDH_some/samples/ips/MS033001/problems/chr3:93504854-194041961,10.471439361572266
H3K27me3_TDH_some/samples/ips/MS033001/problems/chr5:49600000-91636128,10.32384967803955
H3K27me3_TDH_some/samples/ips/MS033101/problems/chr3:60000-66170270,10.352432250976562
