sequenceID,llda
H3K36me3_TDH_other/samples/kidney/McGill0023/problems/chr16:60000-8636921,10.837089538574219
H3K36me3_TDH_other/samples/kidney/McGill0023/problems/chr16:8686921-32000000,10.836963653564453
H3K36me3_TDH_other/samples/kidney/McGill0023/problems/chr21:43005559-44632664,10.836968421936035
H3K36me3_TDH_other/samples/kidneyCancer/McGill0022/problems/chr15:29209443-77800000,10.813324928283691
H3K36me3_TDH_other/samples/kidneyCancer/McGill0022/problems/chr16:8686921-32000000,10.840953826904297
H3K36me3_TDH_other/samples/skeletalMuscleCtrl/McGill0019/problems/chr14:19050000-107289540,10.841121673583984
H3K36me3_TDH_other/samples/skeletalMuscleCtrl/McGill0019/problems/chr15:29209443-77800000,10.824746131896973
H3K36me3_TDH_other/samples/skeletalMuscleCtrl/McGill0019/problems/chr16:60000-8636921,10.845173835754395
H3K36me3_TDH_other/samples/skeletalMuscleCtrl/McGill0019/problems/chr16:8686921-32000000,10.832901000976562
H3K36me3_TDH_other/samples/skeletalMuscleCtrl/McGill0019/problems/chr21:43005559-44632664,10.84085464477539
H3K36me3_TDH_other/samples/skeletalMuscleCtrl/McGill0036/problems/chr14:19050000-107289540,10.840282440185547
H3K36me3_TDH_other/samples/skeletalMuscleCtrl/McGill0036/problems/chr15:29209443-77800000,10.813337326049805
H3K36me3_TDH_other/samples/skeletalMuscleCtrl/McGill0036/problems/chr16:8686921-32000000,10.8449068069458
H3K36me3_TDH_other/samples/skeletalMuscleCtrl/McGill0037/problems/chr14:19050000-107289540,10.841176986694336
H3K36me3_TDH_other/samples/skeletalMuscleCtrl/McGill0037/problems/chr21:43005559-44632664,10.841117858886719
H3K36me3_TDH_other/samples/skeletalMuscleMD/McGill0012/problems/chr21:43005559-44632664,10.840957641601562
H3K36me3_TDH_other/samples/skeletalMuscleMD/McGill0013/problems/chr14:19050000-107289540,10.841176986694336
H3K36me3_TDH_other/samples/skeletalMuscleMD/McGill0013/problems/chr15:29209443-77800000,10.817334175109863
H3K36me3_TDH_other/samples/skeletalMuscleMD/McGill0013/problems/chr16:60000-8636921,10.84117603302002
H3K36me3_TDH_other/samples/skeletalMuscleMD/McGill0016/problems/chr16:60000-8636921,10.845219612121582
