sequenceID,llda
H3K36me3_TDH_immune/samples/monocyte/McGill0001/problems/chr10:51448845-125869472,12.3558988571167
H3K36me3_TDH_immune/samples/monocyte/McGill0001/problems/chr11:96437584-134946516,11.934968948364258
H3K36me3_TDH_immune/samples/monocyte/McGill0001/problems/chr12:7239876-34856694,12.300943374633789
H3K36me3_TDH_immune/samples/monocyte/McGill0002/problems/chr10:18024675-38818835,12.41622257232666
H3K36me3_TDH_immune/samples/monocyte/McGill0002/problems/chr10:51448845-125869472,12.385322570800781
H3K36me3_TDH_immune/samples/monocyte/McGill0002/problems/chr12:7239876-34856694,12.195322036743164
H3K36me3_TDH_immune/samples/monocyte/McGill0079/problems/chr10:18024675-38818835,12.508040428161621
H3K36me3_TDH_immune/samples/monocyte/McGill0079/problems/chr11:96437584-134946516,11.965346336364746
H3K36me3_TDH_immune/samples/monocyte/McGill0101/problems/chr10:51448845-125869472,12.353399276733398
H3K36me3_TDH_immune/samples/monocyte/McGill0101/problems/chr12:7239876-34856694,12.12264633178711
H3K36me3_TDH_immune/samples/monocyte/McGill0104/problems/chr10:51448845-125869472,12.368441581726074
H3K36me3_TDH_immune/samples/monocyte/McGill0104/problems/chr11:96437584-134946516,11.615315437316895
H3K36me3_TDH_immune/samples/monocyte/McGill0104/problems/chr12:7239876-34856694,12.25980281829834
H3K36me3_TDH_immune/samples/tcell/McGill0008/problems/chr11:96437584-134946516,11.725404739379883
H3K36me3_TDH_immune/samples/tcell/McGill0008/problems/chr12:7239876-34856694,11.991514205932617
H3K36me3_TDH_immune/samples/tcell/McGill0024/problems/chr11:96437584-134946516,12.004571914672852
H3K36me3_TDH_immune/samples/tcell/McGill0026/problems/chr11:96437584-134946516,11.333420753479004
H3K36me3_TDH_immune/samples/tcell/McGill0029/problems/chr11:96437584-134946516,12.151923179626465
H3K36me3_TDH_immune/samples/tcell/McGill0029/problems/chr12:7239876-34856694,12.397961616516113
H3K36me3_TDH_immune/samples/tcell/McGill0102/problems/chr11:96437584-134946516,11.697132110595703
