sequenceID,llda
H3K36me3_TDH_immune/samples/monocyte/McGill0001/problems/chr10:51448845-125869472,12.13254451751709
H3K36me3_TDH_immune/samples/monocyte/McGill0001/problems/chr11:96437584-134946516,12.132479667663574
H3K36me3_TDH_immune/samples/monocyte/McGill0001/problems/chr12:7239876-34856694,12.132650375366211
H3K36me3_TDH_immune/samples/monocyte/McGill0002/problems/chr10:18024675-38818835,12.133062362670898
H3K36me3_TDH_immune/samples/monocyte/McGill0002/problems/chr10:51448845-125869472,12.132547378540039
H3K36me3_TDH_immune/samples/monocyte/McGill0002/problems/chr12:7239876-34856694,12.132617950439453
H3K36me3_TDH_immune/samples/monocyte/McGill0079/problems/chr10:18024675-38818835,12.133341789245605
H3K36me3_TDH_immune/samples/monocyte/McGill0079/problems/chr11:96437584-134946516,12.13250732421875
H3K36me3_TDH_immune/samples/monocyte/McGill0101/problems/chr10:51448845-125869472,12.13268756866455
H3K36me3_TDH_immune/samples/monocyte/McGill0101/problems/chr12:7239876-34856694,12.132482528686523
H3K36me3_TDH_immune/samples/monocyte/McGill0104/problems/chr10:51448845-125869472,12.132613182067871
H3K36me3_TDH_immune/samples/monocyte/McGill0104/problems/chr11:96437584-134946516,12.132412910461426
H3K36me3_TDH_immune/samples/monocyte/McGill0104/problems/chr12:7239876-34856694,12.132637023925781
H3K36me3_TDH_immune/samples/tcell/McGill0008/problems/chr11:96437584-134946516,12.132346153259277
H3K36me3_TDH_immune/samples/tcell/McGill0008/problems/chr12:7239876-34856694,12.132384300231934
H3K36me3_TDH_immune/samples/tcell/McGill0024/problems/chr11:96437584-134946516,12.132485389709473
H3K36me3_TDH_immune/samples/tcell/McGill0026/problems/chr11:96437584-134946516,12.132283210754395
H3K36me3_TDH_immune/samples/tcell/McGill0029/problems/chr11:96437584-134946516,12.132594108581543
H3K36me3_TDH_immune/samples/tcell/McGill0029/problems/chr12:7239876-34856694,12.132824897766113
H3K36me3_TDH_immune/samples/tcell/McGill0102/problems/chr11:96437584-134946516,12.132421493530273
